TAP version 13
# (node:20212) ExperimentalWarning: `--experimental-loader` may be removed in the future; instead use `register()`:
# --import 'data:text/javascript,import { register } from "node:module"; import { pathToFileURL } from "node:url"; register("./packages/engine/test/setup/ts-source-loader.mjs", pathToFileURL("./"));'
# (Use `node --trace-warnings ...` to show where the warning was created)
# Subtest: D01: repeated accepted command returns its receipt without reapplying or duplicating persistence
ok 1 - D01: repeated accepted command returns its receipt without reapplying or duplicating persistence
  ---
  duration_ms: 12768.0289
  type: 'test'
  ...
# Subtest: D02: reusing a command ID with another payload fails before engine evaluation
ok 2 - D02: reusing a command ID with another payload fails before engine evaluation
  ---
  duration_ms: 10371.5294
  type: 'test'
  ...
# Subtest: D03: same-version concurrent valid commands commit once and save the losing stale outcome
ok 3 - D03: same-version concurrent valid commands commit once and save the losing stale outcome
  ---
  duration_ms: 13685.3335
  type: 'test'
  ...
# Subtest: D04: actor spoofing fails strict validation and another player's card fails ownership checks
ok 4 - D04: actor spoofing fails strict validation and another player's card fails ownership checks
  ---
  duration_ms: 7933.3058
  type: 'test'
  ...
# Subtest: known-match rule rejection is saved and replayed without another engine evaluation
ok 5 - known-match rule rejection is saved and replayed without another engine evaluation
  ---
  duration_ms: 12176.1851
  type: 'test'
  ...
# Subtest: known-match stale version rejection is stored and replayed before engine evaluation
ok 6 - known-match stale version rejection is stored and replayed before engine evaluation
  ---
  duration_ms: 14391.2145
  type: 'test'
  ...
# Subtest: rejection receipt version race reloads state and records the revalidated stale result
ok 7 - rejection receipt version race reloads state and records the revalidated stale result
  ---
  duration_ms: 16014.765
  type: 'test'
  ...
# Subtest: stale rejection race re-enters engine evaluation when the competing commit makes expectedVersion current
ok 8 - stale rejection race re-enters engine evaluation when the competing commit makes expectedVersion current
  ---
  duration_ms: 15277.507
  type: 'test'
  ...
# Subtest: a non-member cannot obtain or persist a command receipt
ok 9 - a non-member cannot obtain or persist a command receipt
  ---
  duration_ms: 8573.9236
  type: 'test'
  ...
# Subtest: T67 advances END_TURN through start and two-card draw in one commit, then replays the receipt
ok 10 - T67 advances END_TURN through start and two-card draw in one commit, then replays the receipt
  ---
  duration_ms: 6536.9351
  type: 'test'
  ...
# Subtest: a saved T67 Kit draw prompt resumes through executeTurnDraw and reaches play
ok 11 - a saved T67 Kit draw prompt resumes through executeTurnDraw and reaches play
  ---
  duration_ms: 6893.5709
  type: 'test'
  ...
# Subtest: the registered effect runtime applies PLAY_CARD, resumes RESPOND, and executes Sid ability
ok 12 - the registered effect runtime applies PLAY_CARD, resumes RESPOND, and executes Sid ability
  ---
  duration_ms: 16552.3758
  type: 'test'
  ...
# Subtest: a saved Jail start interaction resumes T66, then T67 completes draw before the same commit
ok 13 - a saved Jail start interaction resumes T66, then T67 completes draw before the same commit
  ---
  duration_ms: 9816.5374
  type: 'test'
  ...
# (node:4792) ExperimentalWarning: `--experimental-loader` may be removed in the future; instead use `register()`:
# --import 'data:text/javascript,import { register } from "node:module"; import { pathToFileURL } from "node:url"; register("./packages/engine/test/setup/ts-source-loader.mjs", pathToFileURL("./"));'
# (Use `node --trace-warnings ...` to show where the warning was created)
# Subtest: match outbox projection emits only aggregate ID, version, and event sequence
ok 14 - match outbox projection emits only aggregate ID, version, and event sequence
  ---
  duration_ms: 2.7607
  type: 'test'
  ...
# Subtest: room outbox projection follows the protocol room:changed shape
ok 15 - room outbox projection follows the protocol room:changed shape
  ---
  duration_ms: 0.3698
  type: 'test'
  ...
# Subtest: outbox projection rejects malformed aggregate cursors
ok 16 - outbox projection rejects malformed aggregate cursors
  ---
  duration_ms: 1.5163
  type: 'test'
  ...
# (node:15476) ExperimentalWarning: `--experimental-loader` may be removed in the future; instead use `register()`:
# --import 'data:text/javascript,import { register } from "node:module"; import { pathToFileURL } from "node:url"; register("./packages/engine/test/setup/ts-source-loader.mjs", pathToFileURL("./"));'
# (Use `node --trace-warnings ...` to show where the warning was created)
# Subtest: R05 only Black Jack's explicitly public second draw reaches the shared event projection
ok 17 - R05 only Black Jack's explicitly public second draw reaches the shared event projection
  ---
  duration_ms: 4.7417
  type: 'test'
  ...
# Subtest: match sync rechecks membership and returns only the viewer snapshot plus allowlisted public events
ok 18 - match sync rechecks membership and returns only the viewer snapshot plus allowlisted public events
  ---
  duration_ms: 12.0936
  type: 'test'
  ...
# Subtest: match sync rejects an actor when membership is absent or the saved roster no longer contains them
ok 19 - match sync rejects an actor when membership is absent or the saved roster no longer contains them
  ---
  duration_ms: 1.4077
  type: 'test'
  ...
# Subtest: match sync flags a truncated or future event cursor for a full snapshot
ok 20 - match sync flags a truncated or future event cursor for a full snapshot
  ---
  duration_ms: 1.8532
  type: 'test'
  ...
# Subtest: room sync rechecks both authenticated view and persisted membership without returning invite material
ok 21 - room sync rechecks both authenticated view and persisted membership without returning invite material
  ---
  duration_ms: 0.8674
  type: 'test'
  ...
# Subtest: room sync carries the persisted active match route after START_MATCH
ok 22 - room sync carries the persisted active match route after START_MATCH
  ---
  duration_ms: 0.5643
  type: 'test'
  ...
# Subtest: room sync rejects a missing membership without disclosing the room ID
ok 23 - room sync rejects a missing membership without disclosing the room ID
  ---
  duration_ms: 0.4829
  type: 'test'
  ...
# Subtest: room sync rejects when persisted membership has expired after an earlier member view
ok 24 - room sync rejects when persisted membership has expired after an earlier member view
  ---
  duration_ms: 0.5978
  type: 'test'
  ...
# (node:12976) ExperimentalWarning: `--experimental-loader` may be removed in the future; instead use `register()`:
# --import 'data:text/javascript,import { register } from "node:module"; import { pathToFileURL } from "node:url"; register("./packages/engine/test/setup/ts-source-loader.mjs", pathToFileURL("./"));'
# (Use `node --trace-warnings ...` to show where the warning was created)
# Subtest: restart recovery restores pending cursors, same credential seat, private sync, public history, and one command receipt
ok 25 - restart recovery restores pending cursors, same credential seat, private sync, public history, and one command receipt
  ---
  duration_ms: 14329.1115
  type: 'test'
  ...
# Subtest: unsupported active snapshots are quarantined without changing cursor, pending state, receipt, or history
ok 26 - unsupported active snapshots are quarantined without changing cursor, pending state, receipt, or history
  ---
  duration_ms: 12819.3434
  type: 'test'
  ...
# (node:20544) ExperimentalWarning: `--experimental-loader` may be removed in the future; instead use `register()`:
# --import 'data:text/javascript,import { register } from "node:module"; import { pathToFileURL } from "node:url"; register("./packages/engine/test/setup/ts-source-loader.mjs", pathToFileURL("./"));'
# (Use `node --trace-warnings ...` to show where the warning was created)
# Subtest: trims display names and enforces 1–20 Unicode code points without controls
ok 27 - trims display names and enforces 1–20 Unicode code points without controls
  ---
  duration_ms: 13636.8941
  type: 'test'
  ...
# Subtest: issues hashed credentials, validates expiry and revocation, and disables expiry by default
ok 28 - issues hashed credentials, validates expiry and revocation, and disables expiry by default
  ---
  duration_ms: 11870.0156
  type: 'test'
  ...
# Subtest: injects guest TTL and room retention without enabling default cleanup
ok 29 - injects guest TTL and room retention without enabling default cleanup
  ---
  duration_ms: 12357.5865
  type: 'test'
  ...
# Subtest: creates private rooms with one-time invite secrets and public allowlisted outbox
ok 30 - creates private rooms with one-time invite secrets and public allowlisted outbox
  ---
  duration_ms: 7538.4722
  type: 'test'
  ...
# Subtest: joins from preview version, rejects stale/duplicate/full access, and recovers the assigned identity seat
ok 31 - joins from preview version, rejects stale/duplicate/full access, and recovers the assigned identity seat
  ---
  duration_ms: 14034.6854
  type: 'test'
  ...
# Subtest: readiness, owner transfer, voluntary closure and D10 retention preserve the room record
ok 32 - readiness, owner transfer, voluntary closure and D10 retention preserve the room record
  ---
  duration_ms: 13777.5888
  type: 'test'
  ...
# Subtest: only the owner can voluntarily close a room through the service
ok 33 - only the owner can voluntarily close a room through the service
  ---
  duration_ms: 16824.1062
  type: 'test'
  ...
# Subtest: the service does not close a room after its lobby is locked
ok 34 - the service does not close a room after its lobby is locked
  ---
  duration_ms: 14207.9448
  type: 'test'
  ...
# Subtest: starts an all-ready room once, returns the same match on retry, and projects its route
ok 35 - starts an all-ready room once, returns the same match on retry, and projects its route
  ---
  duration_ms: 8269.9945
  type: 'test'
  ...
# Subtest: restarts a completed match with a fresh seeded setup and preserves the prior record
not ok 36 - restarts a completed match with a fresh seeded setup and preserves the prior record
  ---
  duration_ms: 7007.1788
  type: 'test'
  location: 'C:\\Users\\user\\Documents\\Codex\\2026-09-27\\new-chat-2\\apps\\server\\test\\rooms\\service.test.ts:592:1'
  failureType: 'testCodeFailure'
  error: 'duplicate key value violates unique constraint "match_events_pkey"'
  code: '23505'
  name: 'error'
  stack: |-
    pe.Ue (file:///C:/Users/user/Documents/Codex/2026-09-27/new-chat-2/node_modules/.pnpm/@electric-sql+pglite@0.5.8/node_modules/@electric-sql/pglite/dist/chunk-2BOC2OMW.js:1:17959)
    pe.tt (file:///C:/Users/user/Documents/Codex/2026-09-27/new-chat-2/node_modules/.pnpm/@electric-sql+pglite@0.5.8/node_modules/@electric-sql/pglite/dist/chunk-2BOC2OMW.js:1:15347)
    pe.parse (file:///C:/Users/user/Documents/Codex/2026-09-27/new-chat-2/node_modules/.pnpm/@electric-sql+pglite@0.5.8/node_modules/@electric-sql/pglite/dist/chunk-2BOC2OMW.js:1:14021)
    N.qe (file:///C:/Users/user/Documents/Codex/2026-09-27/new-chat-2/node_modules/.pnpm/@electric-sql+pglite@0.5.8/node_modules/@electric-sql/pglite/dist/index.js:5:1762)
    file:///C:/Users/user/Documents/Codex/2026-09-27/new-chat-2/node_modules/.pnpm/@electric-sql+pglite@0.5.8/node_modules/@electric-sql/pglite/dist/index.js:5:1155
    wasm://wasm/0267bb86:wasm-function[10930]:0x5a5ccf
    wasm://wasm/0267bb86:wasm-function[3585]:0x27eaeb
    wasm://wasm/0267bb86:wasm-function[3627]:0x2869d1
    wasm://wasm/0267bb86:wasm-function[3637]:0x286c2d
    wasm://wasm/0267bb86:wasm-function[9914]:0x54fd4d
  ...
# Subtest: requires at least four ready members and starts a seven-member room
ok 37 - requires at least four ready members and starts a seven-member room
  ---
  duration_ms: 7727.6264
  type: 'test'
  ...
# Subtest: returns a completed room to the same lobby and requires readiness before starting again
not ok 38 - returns a completed room to the same lobby and requires readiness before starting again
  ---
  duration_ms: 8780.4411
  type: 'test'
  location: 'C:\\Users\\user\\Documents\\Codex\\2026-09-27\\new-chat-2\\apps\\server\\test\\rooms\\service.test.ts:820:1'
  failureType: 'testCodeFailure'
  error: 'duplicate key value violates unique constraint "match_events_pkey"'
  code: '23505'
  name: 'error'
  stack: |-
    pe.Ue (file:///C:/Users/user/Documents/Codex/2026-09-27/new-chat-2/node_modules/.pnpm/@electric-sql+pglite@0.5.8/node_modules/@electric-sql/pglite/dist/chunk-2BOC2OMW.js:1:17959)
    pe.tt (file:///C:/Users/user/Documents/Codex/2026-09-27/new-chat-2/node_modules/.pnpm/@electric-sql+pglite@0.5.8/node_modules/@electric-sql/pglite/dist/chunk-2BOC2OMW.js:1:15347)
    pe.parse (file:///C:/Users/user/Documents/Codex/2026-09-27/new-chat-2/node_modules/.pnpm/@electric-sql+pglite@0.5.8/node_modules/@electric-sql/pglite/dist/chunk-2BOC2OMW.js:1:14021)
    N.qe (file:///C:/Users/user/Documents/Codex/2026-09-27/new-chat-2/node_modules/.pnpm/@electric-sql+pglite@0.5.8/node_modules/@electric-sql/pglite/dist/index.js:5:1762)
    file:///C:/Users/user/Documents/Codex/2026-09-27/new-chat-2/node_modules/.pnpm/@electric-sql+pglite@0.5.8/node_modules/@electric-sql/pglite/dist/index.js:5:1155
    wasm://wasm/0267bb86:wasm-function[10930]:0x5a5ccf
    wasm://wasm/0267bb86:wasm-function[3585]:0x27eaeb
    wasm://wasm/0267bb86:wasm-function[3627]:0x2869d1
    wasm://wasm/0267bb86:wasm-function[3637]:0x286c2d
    wasm://wasm/0267bb86:wasm-function[9914]:0x54fd4d
  ...
# (node:8004) ExperimentalWarning: `--experimental-loader` may be removed in the future; instead use `register()`:
# --import 'data:text/javascript,import { register } from "node:module"; import { pathToFileURL } from "node:url"; register("./packages/engine/test/setup/ts-source-loader.mjs", pathToFileURL("./"));'
# (Use `node --trace-warnings ...` to show where the warning was created)
# Subtest: startup config reports missing PostgreSQL settings before opening the listener
ok 39 - startup config reports missing PostgreSQL settings before opening the listener
  ---
  duration_ms: 3.3226
  type: 'test'
  ...
# Subtest: runtime applies migrations, serves guest sessions, authenticates Socket.IO cookies, and shuts down
ok 40 - runtime applies migrations, serves guest sessions, authenticates Socket.IO cookies, and shuts down
  ---
  duration_ms: 12234.5325
  type: 'test'
  ...
# Subtest: START_MATCH enforces the ready owner roster, persists once, and syncs the exact match route
ok 41 - START_MATCH enforces the ready owner roster, persists once, and syncs the exact match route
  ---
  duration_ms: 16521.3333
  type: 'test'
  ...
# Subtest: node-postgres runtime uses PGlite Socket and preserves sessions and migrations across database restart
ok 42 - node-postgres runtime uses PGlite Socket and preserves sessions and migrations across database restart
  ---
  duration_ms: 30719.314
  type: 'test'
  ...
# (node:24356) ExperimentalWarning: `--experimental-loader` may be removed in the future; instead use `register()`:
# --import 'data:text/javascript,import { register } from "node:module"; import { pathToFileURL } from "node:url"; register("./packages/engine/test/setup/ts-source-loader.mjs", pathToFileURL("./"));'
# (Use `node --trace-warnings ...` to show where the warning was created)
# Subtest: handshake authenticates the configured cookie and sets only the server-resolved identity
ok 43 - handshake authenticates the configured cookie and sets only the server-resolved identity
  ---
  duration_ms: 17.8938
  type: 'test'
  ...
# Subtest: missing, invalid, expired, and duplicate session cookies fail the handshake
ok 44 - missing, invalid, expired, and duplicate session cookies fail the handshake
  ---
  duration_ms: 58.9468
  type: 'test'
  ...
# Subtest: room commands are strictly parsed and membership is rechecked before dispatch
ok 45 - room commands are strictly parsed and membership is rechecked before dispatch
  ---
  duration_ms: 47.9618
  type: 'test'
  ...
# Subtest: JOIN bypasses pre-membership but its handler can join only after T44 confirms membership
ok 46 - JOIN bypasses pre-membership but its handler can join only after T44 confirms membership
  ---
  duration_ms: 9.5014
  type: 'test'
  ...
# Subtest: authenticated room preview needs no membership and returns only the shared success DTO
ok 47 - authenticated room preview needs no membership and returns only the shared success DTO
  ---
  duration_ms: 11.1105
  type: 'test'
  ...
# Subtest: invalid and unknown preview invites share INVITE_INVALID; malformed preview ACKs BAD_REQUEST without echoing secrets
ok 48 - invalid and unknown preview invites share INVITE_INVALID; malformed preview ACKs BAD_REQUEST without echoing secrets
  ---
  duration_ms: 16.1512
  type: 'test'
  ...
# Subtest: preview failures and invalid JOIN failures share one bucket; the sixth lookup is blocked before dispatch
ok 49 - preview failures and invalid JOIN failures share one bucket; the sixth lookup is blocked before dispatch
  ---
  duration_ms: 92.7899
  type: 'test'
  ...
# Subtest: malformed JOIN payloads do not consume failed-invite allowance
ok 50 - malformed JOIN payloads do not consume failed-invite allowance
  ---
  duration_ms: 73.5039
  type: 'test'
  ...
# Subtest: valid invite JOIN state errors never count as guessing failures
ok 51 - valid invite JOIN state errors never count as guessing failures
  ---
  duration_ms: 501.2229
  type: 'test'
  ...
# Subtest: a successful JOIN clears prior preview failures for its IP and player key
ok 52 - a successful JOIN clears prior preview failures for its IP and player key
  ---
  duration_ms: 156.9113
  type: 'test'
  ...
# Subtest: undefined and unknown JOIN ACKs do not clear prior invite failures
ok 53 - undefined and unknown JOIN ACKs do not clear prior invite failures
  ---
  duration_ms: 260.5276
  type: 'test'
  ...
# Subtest: limiter keys use raw peer address and authenticated player ID, ignoring forwarded headers
ok 54 - limiter keys use raw peer address and authenticated player ID, ignoring forwarded headers
  ---
  duration_ms: 150.6731
  type: 'test'
  ...
# Subtest: match commands fail closed without fresh membership; match channel joins recheck too
ok 55 - match commands fail closed without fresh membership; match channel joins recheck too
  ---
  duration_ms: 46.9426
  type: 'test'
  ...
# Subtest: sync envelopes are exact and room/match membership is checked before sync handlers
ok 56 - sync envelopes are exact and room/match membership is checked before sync handlers
  ---
  duration_ms: 65.5281
  type: 'test'
  ...
# Subtest: the accepted client event list is exact and unknown/server-only events are rejected
ok 57 - the accepted client event list is exact and unknown/server-only events are rejected
  ---
  duration_ms: 44.2097
  type: 'test'
  ...
# Subtest: disconnect maps only to presence callback and never invokes seat removal
ok 58 - disconnect maps only to presence callback and never invokes seat removal
  ---
  duration_ms: 2.3754
  type: 'test'
  ...
# (node:8288) ExperimentalWarning: `--experimental-loader` may be removed in the future; instead use `register()`:
# --import 'data:text/javascript,import { register } from "node:module"; import { pathToFileURL } from "node:url"; register("./packages/engine/test/setup/ts-source-loader.mjs", pathToFileURL("./"));'
# (Use `node --trace-warnings ...` to show where the warning was created)
# Subtest: allows five failed lookups in a rolling minute and rejects the sixth before lookup
ok 59 - allows five failed lookups in a rolling minute and rejects the sixth before lookup
  ---
  duration_ms: 2.8478
  type: 'test'
  ...
# Subtest: reserves in-flight lookup slots so concurrent preview and JOIN work cannot exceed five lookups
ok 60 - reserves in-flight lookup slots so concurrent preview and JOIN work cannot exceed five lookups
  ---
  duration_ms: 0.5308
  type: 'test'
  ...
# Subtest: doubles early retry delay and caps it at fifteen minutes
ok 61 - doubles early retry delay and caps it at fifteen minutes
  ---
  duration_ms: 0.4446
  type: 'test'
  ...
# Subtest: continues to block after the initial retry delay until a rolling failure expires
ok 62 - continues to block after the initial retry delay until a rolling failure expires
  ---
  duration_ms: 0.3289
  type: 'test'
  ...
# Subtest: a successful preview releases its reservation without clearing prior failed lookups
ok 63 - a successful preview releases its reservation without clearing prior failed lookups
  ---
  duration_ms: 0.252
  type: 'test'
  ...
# Subtest: successful JOIN clears failure history and backoff for that key
ok 64 - successful JOIN clears failure history and backoff for that key
  ---
  duration_ms: 0.2247
  type: 'test'
  ...
# Subtest: idle cleanup removes bucket state after fifteen minutes without invalid input
ok 65 - idle cleanup removes bucket state after fifteen minutes without invalid input
  ---
  duration_ms: 0.3116
  type: 'test'
  ...
# Subtest: raw peer and authenticated player ID form isolated bucket keys
ok 66 - raw peer and authenticated player ID form isolated bucket keys
  ---
  duration_ms: 0.3347
  type: 'test'
  ...
# (node:12128) ExperimentalWarning: `--experimental-loader` may be removed in the future; instead use `register()`:
# --import 'data:text/javascript,import { register } from "node:module"; import { pathToFileURL } from "node:url"; register("./packages/engine/test/setup/ts-source-loader.mjs", pathToFileURL("./"));'
# (Use `node --trace-warnings ...` to show where the warning was created)
# Subtest: applies the initial schema to an empty database, skips an identical migration, and rejects checksum changes
ok 67 - applies the initial schema to an empty database, skips an identical migration, and rejects checksum changes
  ---
  duration_ms: 13631.3295
  type: 'test'
  ...
# Subtest: creates and reads rooms and the complete internal match snapshot
ok 68 - creates and reads rooms and the complete internal match snapshot
  ---
  duration_ms: 6791.8096
  type: 'test'
  ...
# Subtest: looks up the latest current-or-last match route for a room
ok 69 - looks up the latest current-or-last match route for a room
  ---
  duration_ms: 6836.6965
  type: 'test'
  ...
# Subtest: atomically commits snapshot, events, receipt, and a state-free outbox signal
ok 70 - atomically commits snapshot, events, receipt, and a state-free outbox signal
  ---
  duration_ms: 6883.6199
  type: 'test'
  ...
# Subtest: records a rejected command receipt without changing snapshot, version, events, or outbox
ok 71 - records a rejected command receipt without changing snapshot, version, events, or outbox
  ---
  duration_ms: 8236.9492
  type: 'test'
  ...
# Subtest: does not record a rejection receipt for an actor without a match seat
ok 72 - does not record a rejection receipt for an actor without a match seat
  ---
  duration_ms: 10498.3441
  type: 'test'
  ...
# Subtest: returns the current version without recording a rejection receipt after an observed-version race
ok 73 - returns the current version without recording a rejection receipt after an observed-version race
  ---
  duration_ms: 5236.3584
  type: 'test'
  ...
# Subtest: rejects stale and lower-version commits without writing any associated records
ok 74 - rejects stale and lower-version commits without writing any associated records
  ---
  duration_ms: 4540.5383
  type: 'test'
  ...
# Subtest: rolls back the snapshot, event, and receipt when the outbox insert fails
ok 75 - rolls back the snapshot, event, and receipt when the outbox insert fails
  ---
  duration_ms: 4223.4967
  type: 'test'
  ...
# (node:6724) ExperimentalWarning: `--experimental-loader` may be removed in the future; instead use `register()`:
# --import 'data:text/javascript,import { register } from "node:module"; import { pathToFileURL } from "node:url"; register("./packages/engine/test/setup/ts-source-loader.mjs", pathToFileURL("./"));'
# (Use `node --trace-warnings ...` to show where the warning was created)
# Subtest: looks up only active hashed sessions and creates an idempotent room with a safe preview
ok 76 - looks up only active hashed sessions and creates an idempotent room with a safe preview
  ---
  duration_ms: 10484.6771
  type: 'test'
  ...
# Subtest: starts a room and persists the initialized match, receipt, and both allowlisted outboxes atomically
ok 77 - starts a room and persists the initialized match, receipt, and both allowlisted outboxes atomically
  ---
  duration_ms: 5350.2661
  type: 'test'
  ...
# Subtest: a duplicate room-start command returns the original match outcome without additional writes
ok 78 - a duplicate room-start command returns the original match outcome without additional writes
  ---
  duration_ms: 4660.0839
  type: 'test'
  ...
# Subtest: restarts directly from the latest completed match with atomic writes and preserved history
ok 79 - restarts directly from the latest completed match with atomic writes and preserved history
  ---
  duration_ms: 4590.1518
  type: 'test'
  ...
# Subtest: rejects in-game starts unless the latest same-room match is completed, with no writes
ok 80 - rejects in-game starts unless the latest same-room match is completed, with no writes
  ---
  duration_ms: 13993.3574
  type: 'test'
  ...
# Subtest: serializes concurrent direct restarts so only one new match becomes active
ok 81 - serializes concurrent direct restarts so only one new match becomes active
  ---
  duration_ms: 3248.4431
  type: 'test'
  ...
# Subtest: direct restart rechecks unchanged membership and readiness before writing
ok 82 - direct restart rechecks unchanged membership and readiness before writing
  ---
  duration_ms: 11423.7506
  type: 'test'
  ...
# Subtest: start rejects unauthorized, stale, incomplete, locked, and mismatched snapshots without side effects
ok 83 - start rejects unauthorized, stale, incomplete, locked, and mismatched snapshots without side effects
  ---
  duration_ms: 20199.5589
  type: 'test'
  ...
# Subtest: outbox failure rolls back the room, match, players, receipt, and preceding signal
ok 84 - outbox failure rolls back the room, match, players, receipt, and preceding signal
  ---
  duration_ms: 2677.8374
  type: 'test'
  ...
# Subtest: concurrent retries of one room-start command commit one match and return its original ID
ok 85 - concurrent retries of one room-start command commit one match and return its original ID
  ---
  duration_ms: 2399.4691
  type: 'test'
  ...
# Subtest: serializes join, readiness, owner transfer, and D10 closure with room receipts and allowlisted signals
ok 86 - serializes join, readiness, owner transfer, and D10 closure with room receipts and allowlisted signals
  ---
  duration_ms: 2583.8693
  type: 'test'
  ...
# Subtest: persists room status changes and locks lobby membership outside WAITING
ok 87 - persists room status changes and locks lobby membership outside WAITING
  ---
  duration_ms: 2302.4509
  type: 'test'
  ...
# Subtest: rolls back member, room version, receipt, and outbox when an outbox ID conflicts
ok 88 - rolls back member, room version, receipt, and outbox when an outbox ID conflicts
  ---
  duration_ms: 2308.1325
  type: 'test'
  ...
# Subtest: rejects leave by a non-member without changing the room
ok 89 - rejects leave by a non-member without changing the room
  ---
  duration_ms: 2376.7284
  type: 'test'
  ...
# Subtest: returns a completed match room to the lobby atomically and replays the original receipt
ok 90 - returns a completed match room to the lobby atomically and replays the original receipt
  ---
  duration_ms: 2440.8272
  type: 'test'
  ...
# Subtest: rejects return-to-lobby authorization, stale versions, and incomplete latest matches without writes
ok 91 - rejects return-to-lobby authorization, stale versions, and incomplete latest matches without writes
  ---
  duration_ms: 13767.6576
  type: 'test'
  ...
# Subtest: rolls back readiness reset, room version, receipt, and outbox when return-to-lobby outbox insertion fails
ok 92 - rolls back readiness reset, room version, receipt, and outbox when return-to-lobby outbox insertion fails
  ---
  duration_ms: 2572.2156
  type: 'test'
  ...
# (node:14080) ExperimentalWarning: `--experimental-loader` may be removed in the future; instead use `register()`:
# --import 'data:text/javascript,import { register } from "node:module"; import { pathToFileURL } from "node:url"; register("./packages/engine/test/setup/ts-source-loader.mjs", pathToFileURL("./"));'
# (Use `node --trace-warnings ...` to show where the warning was created)
# Subtest: prepared JSON and CSV agree on all 80 physical card identifiers, ranks, and suits
ok 93 - prepared JSON and CSV agree on all 80 physical card identifiers, ranks, and suits
  ---
  duration_ms: 8.9459
  type: 'test'
  ...
# Subtest: imports all 22 prepared card definitions and the exact 80-card JSON deck
ok 94 - imports all 22 prepared card definitions and the exact 80-card JSON deck
  ---
  duration_ms: 1.2219
  type: 'test'
  ...
# Subtest: every card asset key maps to the matching inventory item, quantity, folder, and file
ok 95 - every card asset key maps to the matching inventory item, quantity, folder, and file
  ---
  duration_ms: 13.4785
  type: 'test'
  ...
# Subtest: imported deck passes the shared catalog schema with manifest-backed asset keys
ok 96 - imported deck passes the shared catalog schema with manifest-backed asset keys
  ---
  duration_ms: 6.1797
  type: 'test'
  ...
# (node:13476) ExperimentalWarning: `--experimental-loader` may be removed in the future; instead use `register()`:
# --import 'data:text/javascript,import { register } from "node:module"; import { pathToFileURL } from "node:url"; register("./packages/engine/test/setup/ts-source-loader.mjs", pathToFileURL("./"));'
# (Use `node --trace-warnings ...` to show where the warning was created)
# Subtest: imports role IDs, asset paths, and counts for 4–7 players from the source JSON
ok 97 - imports role IDs, asset paths, and counts for 4–7 players from the source JSON
  ---
  duration_ms: 3.4532
  type: 'test'
  ...
# Subtest: imports all 16 character IDs and static fields from the source JSON
ok 98 - imports all 16 character IDs and static fields from the source JSON
  ---
  duration_ms: 1.3026
  type: 'test'
  ...
# Subtest: maps roster asset URLs and attribution to the extracted source inventory
ok 99 - maps roster asset URLs and attribution to the extracted source inventory
  ---
  duration_ms: 17.8235
  type: 'test'
  ...
# (node:6540) ExperimentalWarning: `--experimental-loader` may be removed in the future; instead use `register()`:
# --import 'data:text/javascript,import { register } from "node:module"; import { pathToFileURL } from "node:url"; register("./packages/engine/test/setup/ts-source-loader.mjs", pathToFileURL("./"));'
# (Use `node --trace-warnings ...` to show where the warning was created)
# Subtest: accepts valid static catalog data and known asset paths
ok 100 - accepts valid static catalog data and known asset paths
  ---
  duration_ms: 3.5185
  type: 'test'
  ...
# Subtest: rejects duplicate physical card identifiers
ok 101 - rejects duplicate physical card identifiers
  ---
  duration_ms: 0.5473
  type: 'test'
  ...
# Subtest: rejects numeric card ranks outside 2 through 10
ok 102 - rejects numeric card ranks outside 2 through 10
  ---
  duration_ms: 0.7379
  type: 'test'
  ...
# Subtest: rejects asset paths missing from the known asset set
ok 103 - rejects asset paths missing from the known asset set
  ---
  duration_ms: 1.1603
  type: 'test'
  ...
# Subtest: rejects negative card and role counts
ok 104 - rejects negative card and role counts
  ---
  duration_ms: 1.8145
  type: 'test'
  ...
# Subtest: rejects unknown fields and unresolved physical card type references
ok 105 - rejects unknown fields and unresolved physical card type references
  ---
  duration_ms: 0.55
  type: 'test'
  ...
# Subtest: rejects role distributions that do not total the player count
ok 106 - rejects role distributions that do not total the player count
  ---
  duration_ms: 0.3837
  type: 'test'
  ...
# (node:22908) ExperimentalWarning: `--experimental-loader` may be removed in the future; instead use `register()`:
# --import 'data:text/javascript,import { register } from "node:module"; import { pathToFileURL } from "node:url"; register("./packages/engine/test/setup/ts-source-loader.mjs", pathToFileURL("./"));'
# (Use `node --trace-warnings ...` to show where the warning was created)
# Subtest: unchanged responses are exact, versioned, and contain no private projection
ok 107 - unchanged responses are exact, versioned, and contain no private projection
  ---
  duration_ms: 1.4594
  type: 'test'
  ...
# Subtest: unchanged response opt-in is explicitly true and remains backward compatible
ok 108 - unchanged response opt-in is explicitly true and remains backward compatible
  ---
  duration_ms: 0.5672
  type: 'test'
  ...
# Subtest: presence allows only public membership observations
ok 109 - presence allows only public membership observations
  ---
  duration_ms: 0.5489
  type: 'test'
  ...
# (node:23296) ExperimentalWarning: `--experimental-loader` may be removed in the future; instead use `register()`:
# --import 'data:text/javascript,import { register } from "node:module"; import { pathToFileURL } from "node:url"; register("./packages/engine/test/setup/ts-source-loader.mjs", pathToFileURL("./"));'
# (Use `node --trace-warnings ...` to show where the warning was created)
# Subtest: public General Store faces are validated only in the matching interaction
ok 110 - public General Store faces are validated only in the matching interaction
  ---
  duration_ms: 6.464
  type: 'test'
  ...
# Subtest: parses the documented match command and rejects a missing protocol version
ok 111 - parses the documented match command and rejects a missing protocol version
  ---
  duration_ms: 6.044
  type: 'test'
  ...
# Subtest: rejects client supplied identity, unknown fields and malformed response card selection
ok 112 - rejects client supplied identity, unknown fields and malformed response card selection
  ---
  duration_ms: 0.5029
  type: 'test'
  ...
# Subtest: parses the runtime-backed Jesse, Pedro and Lucky responses with strict payloads
ok 113 - parses the runtime-backed Jesse, Pedro and Lucky responses with strict payloads
  ---
  duration_ms: 0.6777
  type: 'test'
  ...
# Subtest: pending views accept current runtime options and ORDER_CARDS template separately from command payload
ok 114 - pending views accept current runtime options and ORDER_CARDS template separately from command payload
  ---
  duration_ms: 4.6483
  type: 'test'
  ...
# Subtest: validates room creation and readiness
ok 115 - validates room creation and readiness
  ---
  duration_ms: 2.4286
  type: 'test'
  ...
# Subtest: strictly parses room:preview requests and keeps preview replies free of invite/session secrets
ok 116 - strictly parses room:preview requests and keeps preview replies free of invite/session secrets
  ---
  duration_ms: 9.3738
  type: 'test'
  ...
# Subtest: strictly parses room:sync requests with exact keys and non-negative versions
ok 117 - strictly parses room:sync requests with exact keys and non-negative versions
  ---
  duration_ms: 2.9432
  type: 'test'
  ...
# Subtest: strictly parses RoomView and room:sync responses with active-match routing and consistent viewer
ok 118 - strictly parses RoomView and room:sync responses with active-match routing and consistent viewer
  ---
  duration_ms: 9.3482
  type: 'test'
  ...
# Subtest: strictly parses match:sync requests and shares non-disclosing sync rejection DTOs
ok 119 - strictly parses match:sync requests and shares non-disclosing sync rejection DTOs
  ---
  duration_ms: 13.1465
  type: 'test'
  ...
# Subtest: strictly parses accepted/rejected command acknowledgements and excludes extra fields
ok 120 - strictly parses accepted/rejected command acknowledgements and excludes extra fields
  ---
  duration_ms: 1.9704
  type: 'test'
  ...
# Subtest: strictly parses viewer-scoped match:sync responses and ordered visible event cursors
ok 121 - strictly parses viewer-scoped match:sync responses and ordered visible event cursors
  ---
  duration_ms: 4.3788
  type: 'test'
  ...
# Subtest: legal action proposals contain only canonical command types and payloads
ok 122 - legal action proposals contain only canonical command types and payloads
  ---
  duration_ms: 2.6971
  type: 'test'
  ...
# Subtest: pending response options are exclusive to the current responder and progress contains no choices
ok 123 - pending response options are exclusive to the current responder and progress contains no choices
  ---
  duration_ms: 11.7223
  type: 'test'
  ...
# Subtest: winner summary is public only for completed snapshots and rejects unrelated state
ok 124 - winner summary is public only for completed snapshots and rejects unrelated state
  ---
  duration_ms: 3.1831
  type: 'test'
  ...
# (node:9580) ExperimentalWarning: `--experimental-loader` may be removed in the future; instead use `register()`:
# --import 'data:text/javascript,import { register } from "node:module"; import { pathToFileURL } from "node:url"; register("./packages/engine/test/setup/ts-source-loader.mjs", pathToFileURL("./"));'
# (Use `node --trace-warnings ...` to show where the warning was created)
# Subtest: room commands can carry a canonical version and allowlisted member presence
ok 125 - room commands can carry a canonical version and allowlisted member presence
  ---
  duration_ms: 1.7583
  type: 'test'
  ...
# Subtest: room envelope and nested canonical version cannot disagree
ok 126 - room envelope and nested canonical version cannot disagree
  ---
  duration_ms: 0.3554
  type: 'test'
  ...
# (node:16820) ExperimentalWarning: `--experimental-loader` may be removed in the future; instead use `register()`:
# --import 'data:text/javascript,import { register } from "node:module"; import { pathToFileURL } from "node:url"; register("./packages/engine/test/setup/ts-source-loader.mjs", pathToFileURL("./"));'
# (Use `node --trace-warnings ...` to show where the warning was created)
# Subtest: candidate builder returns complete proposals accepted by T14 without changing state
ok 127 - candidate builder returns complete proposals accepted by T14 without changing state
  ---
  duration_ms: 21.2634
  type: 'test'
  ...
# Subtest: targets use only public zones and legal distance while preserving target selection payloads
ok 128 - targets use only public zones and legal distance while preserving target selection payloads
  ---
  duration_ms: 7.7451
  type: 'test'
  ...
# Subtest: Calamity Janet receives only the supported Missed-as-BANG proposal
ok 129 - Calamity Janet receives only the supported Missed-as-BANG proposal
  ---
  duration_ms: 3.1982
  type: 'test'
  ...
# Subtest: Sid card-pair actions are complete and no actions are proposed outside an idle play turn
ok 130 - Sid card-pair actions are complete and no actions are proposed outside an idle play turn
  ---
  duration_ms: 3.8322
  type: 'test'
  ...
# Subtest: optimized action projection exactly matches full effect probes across all characters and 4–7 seats
ok 131 - optimized action projection exactly matches full effect probes across all characters and 4–7 seats
  ---
  duration_ms: 1693.6426
  type: 'test'
  ...
# Subtest: Sid projection never proposes a duplicate or multiply located cost card
ok 132 - Sid projection never proposes a duplicate or multiply located cost card
  ---
  duration_ms: 0.9494
  type: 'test'
  ...
# Subtest: pure gates match effect probes with equipment, BANG quota, healing and eliminated seats
ok 133 - pure gates match effect probes with equipment, BANG quota, healing and eliminated seats
  ---
  duration_ms: 26.5286
  type: 'test'
  ...
# (node:6320) ExperimentalWarning: `--experimental-loader` may be removed in the future; instead use `register()`:
# --import 'data:text/javascript,import { register } from "node:module"; import { pathToFileURL } from "node:url"; register("./packages/engine/test/setup/ts-source-loader.mjs", pathToFileURL("./"));'
# (Use `node --trace-warnings ...` to show where the warning was created)
# Subtest: a successful physical BANG increments once and T11 rejects the next ordinary BANG
ok 134 - a successful physical BANG increments once and T11 rejects the next ordinary BANG
  ---
  duration_ms: 26.4149
  type: 'test'
  ...
# Subtest: a successful Calamity Missed-to-BANG conversion increments the effective BANG quota
ok 135 - a successful Calamity Missed-to-BANG conversion increments the effective BANG quota
  ---
  duration_ms: 1.8224
  type: 'test'
  ...
# Subtest: rejected and failed BANG commands leave the quota unchanged
ok 136 - rejected and failed BANG commands leave the quota unchanged
  ---
  duration_ms: 2.7771
  type: 'test'
  ...
# Subtest: successful non-BANG PLAY_CARD commands do not change the BANG quota
ok 137 - successful non-BANG PLAY_CARD commands do not change the BANG quota
  ---
  duration_ms: 0.9575
  type: 'test'
  ...
# Subtest: Volcanic and Willy keep accumulating successful BANG uses while unlimited
ok 138 - Volcanic and Willy keep accumulating successful BANG uses while unlimited
  ---
  duration_ms: 4.5308
  type: 'test'
  ...
# Subtest: Duel and Indians BANG response submissions do not count as PLAY_CARD uses
ok 139 - Duel and Indians BANG response submissions do not count as PLAY_CARD uses
  ---
  duration_ms: 3.6087
  type: 'test'
  ...
# (node:5784) ExperimentalWarning: `--experimental-loader` may be removed in the future; instead use `register()`:
# --import 'data:text/javascript,import { register } from "node:module"; import { pathToFileURL } from "node:url"; register("./packages/engine/test/setup/ts-source-loader.mjs", pathToFileURL("./"));'
# (Use `node --trace-warnings ...` to show where the warning was created)
# Subtest: END_TURN reuses the turn reducer and rejects wrong actor or phase without mutation
ok 140 - END_TURN reuses the turn reducer and rejects wrong actor or phase without mutation
  ---
  duration_ms: 28.4565
  type: 'test'
  ...
# Subtest: END_TURN opens a saved hand-limit order and RESPOND completes the discard transition
ok 141 - END_TURN opens a saved hand-limit order and RESPOND completes the discard transition
  ---
  duration_ms: 7.4716
  type: 'test'
  ...
# Subtest: legal PLAY_CARD dispatch is deterministic for the same state, command, and prepared RNG
ok 142 - legal PLAY_CARD dispatch is deterministic for the same state, command, and prepared RNG
  ---
  duration_ms: 3.7473
  type: 'test'
  ...
# Subtest: PLAY_CARD rejects illegal actor, ownership, range, and hidden-card targets without calling effects
ok 143 - PLAY_CARD rejects illegal actor, ownership, range, and hidden-card targets without calling effects
  ---
  duration_ms: 1.7556
  type: 'test'
  ...
# Subtest: PLAY_CARD supports only Calamity Janet's documented Missed-to-BANG conversion
ok 144 - PLAY_CARD supports only Calamity Janet's documented Missed-to-BANG conversion
  ---
  duration_ms: 1.8029
  type: 'test'
  ...
# Subtest: USE_ABILITY validates Sid identity, phase, and two distinct owned cost cards
ok 145 - USE_ABILITY validates Sid identity, phase, and two distinct owned cost cards
  ---
  duration_ms: 1.5274
  type: 'test'
  ...
# Subtest: RESPOND delegates saved discard ordering to T12 and does not move cards itself
ok 146 - RESPOND delegates saved discard ordering to T12 and does not move cards itself
  ---
  duration_ms: 3.3165
  type: 'test'
  ...
# Subtest: RESPOND advances generic cursor and victim-only death rescue through T12
ok 147 - RESPOND advances generic cursor and victim-only death rescue through T12
  ---
  duration_ms: 4.0165
  type: 'test'
  ...
# Subtest: completed or paused matches reject commands before turn or interaction handlers
ok 148 - completed or paused matches reject commands before turn or interaction handlers
  ---
  duration_ms: 1.7944
  type: 'test'
  ...
# (node:21516) ExperimentalWarning: `--experimental-loader` may be removed in the future; instead use `register()`:
# --import 'data:text/javascript,import { register } from "node:module"; import { pathToFileURL } from "node:url"; register("./packages/engine/test/setup/ts-source-loader.mjs", pathToFileURL("./"));'
# (Use `node --trace-warnings ...` to show where the warning was created)
# Subtest: the outcome union distinguishes missing targets from illegal targets
ok 149 - the outcome union distinguishes missing targets from illegal targets
  ---
  duration_ms: 3.4667
  type: 'test'
  ...
# Subtest: choice and response requests carry T12-compatible responders and resume context
ok 150 - choice and response requests carry T12-compatible responders and resume context
  ---
  duration_ms: 0.6345
  type: 'test'
  ...
# Subtest: applied effects return internal event drafts and resolver steps using injected randomness
ok 151 - applied effects return internal event drafts and resolver steps using injected randomness
  ---
  duration_ms: 1.0343
  type: 'test'
  ...
# Subtest: effect input exposes completed responses while the supplied game snapshot remains unchanged
ok 152 - effect input exposes completed responses while the supplied game snapshot remains unchanged
  ---
  duration_ms: 0.3493
  type: 'test'
  ...
# Subtest: a character ability can run without a physical source card
ok 153 - a character ability can run without a physical source card
  ---
  duration_ms: 0.3142
  type: 'test'
  ...
# (node:968) ExperimentalWarning: `--experimental-loader` may be removed in the future; instead use `register()`:
# --import 'data:text/javascript,import { register } from "node:module"; import { pathToFileURL } from "node:url"; register("./packages/engine/test/setup/ts-source-loader.mjs", pathToFileURL("./"));'
# (Use `node --trace-warnings ...` to show where the warning was created)
# Subtest: BANG opens one target response with only that target's Missed cards
ok 154 - BANG opens one target response with only that target's Missed cards
  ---
  duration_ms: 9.2549
  type: 'test'
  ...
# Subtest: completed Missed response is connected to BANG cancellation without damage
ok 155 - completed Missed response is connected to BANG cancellation without damage
  ---
  duration_ms: 3.9715
  type: 'test'
  ...
# Subtest: a multi-card BANG response saves its remaining quota and excludes a submitted Missed
ok 156 - a multi-card BANG response saves its remaining quota and excludes a submitted Missed
  ---
  duration_ms: 2.0737
  type: 'test'
  ...
# Subtest: a BANG response that takes the hit emits exactly one damage step
ok 157 - a BANG response that takes the hit emits exactly one damage step
  ---
  duration_ms: 1.0349
  type: 'test'
  ...
# Subtest: BANG leaves quota, distance, and card movement to the command/rules boundaries
ok 158 - BANG leaves quota, distance, and card movement to the command/rules boundaries
  ---
  duration_ms: 1.0678
  type: 'test'
  ...
# Subtest: BANG rejects a missing, self, dead, or malformed target without mutation
ok 159 - BANG rejects a missing, self, dead, or malformed target without mutation
  ---
  duration_ms: 0.9771
  type: 'test'
  ...
# Subtest: Beer heals its user by at most one and never targets another player
ok 160 - Beer heals its user by at most one and never targets another player
  ---
  duration_ms: 2.1709
  type: 'test'
  ...
# Subtest: Beer at maximum HP or with two living players is used but does not heal
ok 161 - Beer at maximum HP or with two living players is used but does not heal
  ---
  duration_ms: 1.1968
  type: 'test'
  ...
# Subtest: Beer in a multi-player death rescue restores one HP through the saved response
ok 162 - Beer in a multi-player death rescue restores one HP through the saved response
  ---
  duration_ms: 1.0822
  type: 'test'
  ...
# Subtest: each Beer in a rescue advances HP by one until the victim is positive
ok 163 - each Beer in a rescue advances HP by one until the victim is positive
  ---
  duration_ms: 1.9963
  type: 'test'
  ...
# Subtest: Beer can be spent during a two-player rescue but does not heal or rescue
ok 164 - Beer can be spent during a two-player rescue but does not heal or rescue
  ---
  duration_ms: 0.9852
  type: 'test'
  ...
# Subtest: basic action outcomes are deterministic and do not consume RNG or mutate input
ok 165 - basic action outcomes are deterministic and do not consume RNG or mutate input
  ---
  duration_ms: 1.8084
  type: 'test'
  ...
# (node:12200) ExperimentalWarning: `--experimental-loader` may be removed in the future; instead use `register()`:
# --import 'data:text/javascript,import { register } from "node:module"; import { pathToFileURL } from "node:url"; register("./packages/engine/test/setup/ts-source-loader.mjs", pathToFileURL("./"));'
# (Use `node --trace-warnings ...` to show where the warning was created)
# Subtest: the API fixture covers all sixteen character-specific hook allowlists
ok 166 - the API fixture covers all sixteen character-specific hook allowlists
  ---
  duration_ms: 1.9022
  type: 'test'
  ...
# Subtest: query outputs are deterministic values and effect outcomes reuse T12 requests
ok 167 - query outputs are deterministic values and effect outcomes reuse T12 requests
  ---
  duration_ms: 0.1927
  type: 'test'
  ...
# (node:24444) ExperimentalWarning: `--experimental-loader` may be removed in the future; instead use `register()`:
# --import 'data:text/javascript,import { register } from "node:module"; import { pathToFileURL } from "node:url"; register("./packages/engine/test/setup/ts-source-loader.mjs", pathToFileURL("./"));'
# (Use `node --trace-warnings ...` to show where the warning was created)
# Subtest: surviving Bart draws one top card for each HP lost, including source-less Dynamite damage
ok 168 - surviving Bart draws one top card for each HP lost, including source-less Dynamite damage
  ---
  duration_ms: 15.431
  type: 'test'
  ...
# Subtest: Bart draws for actual HP lost rather than the incoming damage amount
ok 169 - Bart draws for actual HP lost rather than the incoming damage amount
  ---
  duration_ms: 1.2965
  type: 'test'
  ...
# Subtest: Bart waits until rescue ends and requires a matching live Bart with positive integral HP loss
ok 170 - Bart waits until rescue ends and requires a matching live Bart with positive integral HP loss
  ---
  duration_ms: 6.128
  type: 'test'
  ...
# Subtest: D05 stops after partial R08 supply without inventing cards
ok 171 - D05 stops after partial R08 supply without inventing cards
  ---
  duration_ms: 2.7282
  type: 'test'
  ...
# Subtest: a damage source owned by another player does not change draw recipient attribution
ok 172 - a damage source owned by another player does not change draw recipient attribution
  ---
  duration_ms: 0.9087
  type: 'test'
  ...
# Subtest: T66 calls Bart after a lethal hit is rescued with Beer
ok 173 - T66 calls Bart after a lethal hit is rescued with Beer
  ---
  duration_ms: 18.3459
  type: 'test'
  ...
# Subtest: T66 does not let Bart draw the top Beer during an unrescued death window
ok 174 - T66 does not let Bart draw the top Beer during an unrescued death window
  ---
  duration_ms: 7.4761
  type: 'test'
  ...
# (node:10916) ExperimentalWarning: `--experimental-loader` may be removed in the future; instead use `register()`:
# --import 'data:text/javascript,import { register } from "node:module"; import { pathToFileURL } from "node:url"; register("./packages/engine/test/setup/ts-source-loader.mjs", pathToFileURL("./"));'
# (Use `node --trace-warnings ...` to show where the warning was created)
# Subtest: Heart and Diamond on the public second turn draw grant one private deck card
ok 175 - Heart and Diamond on the public second turn draw grant one private deck card
  ---
  duration_ms: 7.1126
  type: 'test'
  ...
# Subtest: Spade and Club on the public second turn draw do not grant a card
ok 176 - Spade and Club on the public second turn draw do not grant a card
  ---
  duration_ms: 1.6891
  type: 'test'
  ...
# Subtest: only a matching living Black Jack player can resolve the bonus
ok 177 - only a matching living Black Jack player can resolve the bonus
  ---
  duration_ms: 0.869
  type: 'test'
  ...
# Subtest: an empty draw and discard supply pauses without inventing a bonus card
ok 178 - an empty draw and discard supply pauses without inventing a bonus card
  ---
  duration_ms: 0.6061
  type: 'test'
  ...
# Subtest: an empty draw pile uses T70 reshuffle and still keeps the bonus private
ok 179 - an empty draw pile uses T70 reshuffle and still keeps the bonus private
  ---
  duration_ms: 0.9532
  type: 'test'
  ...
# Subtest: malformed hook context cannot widen the second public draw trigger
ok 180 - malformed hook context cannot widen the second public draw trigger
  ---
  duration_ms: 1.8173
  type: 'test'
  ...
# (node:4212) ExperimentalWarning: `--experimental-loader` may be removed in the future; instead use `register()`:
# --import 'data:text/javascript,import { register } from "node:module"; import { pathToFileURL } from "node:url"; register("./packages/engine/test/setup/ts-source-loader.mjs", pathToFileURL("./"));'
# (Use `node --trace-warnings ...` to show where the warning was created)
# Subtest: Calamity can play a physical Missed as BANG and its substitution counts toward quota
ok 181 - Calamity can play a physical Missed as BANG and its substitution counts toward quota
  ---
  duration_ms: 29.4327
  type: 'test'
  ...
# Subtest: Calamity privately receives and may use a physical BANG as Missed in a BANG response
ok 182 - Calamity privately receives and may use a physical BANG as Missed in a BANG response
  ---
  duration_ms: 6.3789
  type: 'test'
  ...
# Subtest: T66 preserves Calamity's BANG-as-Missed response across the saved BANG continuation
ok 183 - T66 preserves Calamity's BANG-as-Missed response across the saved BANG continuation
  ---
  duration_ms: 4.2107
  type: 'test'
  ...
# Subtest: a non-Calamity cannot submit a BANG as Missed
ok 184 - a non-Calamity cannot submit a BANG as Missed
  ---
  duration_ms: 7.9466
  type: 'test'
  ...
# Subtest: Calamity may answer Indians and Duel with Missed as BANG without spending turn quota
ok 185 - Calamity may answer Indians and Duel with Missed as BANG without spending turn quota
  ---
  duration_ms: 3.4842
  type: 'test'
  ...
# Subtest: Calamity converts Missed for Indians, but a forged physical/effect pair or wrong character is denied
ok 186 - Calamity converts Missed for Indians, but a forged physical/effect pair or wrong character is denied
  ---
  duration_ms: 2.2469
  type: 'test'
  ...
# (node:21588) ExperimentalWarning: `--experimental-loader` may be removed in the future; instead use `register()`:
# --import 'data:text/javascript,import { register } from "node:module"; import { pathToFileURL } from "node:url"; register("./packages/engine/test/setup/ts-source-loader.mjs", pathToFileURL("./"));'
# (Use `node --trace-warnings ...` to show where the warning was created)
# Subtest: El Gringo takes one fixed-RNG hand card for each HP actually lost
ok 187 - El Gringo takes one fixed-RNG hand card for each HP actually lost
  ---
  duration_ms: 15.4782
  type: 'test'
  ...
# Subtest: El Gringo stops taking cards when the source hand runs out
ok 188 - El Gringo stops taking cards when the source hand runs out
  ---
  duration_ms: 0.9583
  type: 'test'
  ...
# Subtest: El Gringo does not trigger before post-rescue survival or without actual HP loss
ok 189 - El Gringo does not trigger before post-rescue survival or without actual HP loss
  ---
  duration_ms: 5.8804
  type: 'test'
  ...
# Subtest: El Gringo ignores Dynamite, self-caused damage, and a Duel he initiated
ok 190 - El Gringo ignores Dynamite, self-caused damage, and a Duel he initiated
  ---
  duration_ms: 8.0552
  type: 'test'
  ...
# Subtest: El Gringo may take a card after losing another player's Duel and gets nothing from an empty hand
ok 191 - El Gringo may take a card after losing another player's Duel and gets nothing from an empty hand
  ---
  duration_ms: 7.55
  type: 'test'
  ...
# Subtest: El Gringo validates every injected random sample before selecting a card
ok 192 - El Gringo validates every injected random sample before selecting a card
  ---
  duration_ms: 17.9199
  type: 'test'
  ...
# (node:15460) ExperimentalWarning: `--experimental-loader` may be removed in the future; instead use `register()`:
# --import 'data:text/javascript,import { register } from "node:module"; import { pathToFileURL } from "node:url"; register("./packages/engine/test/setup/ts-source-loader.mjs", pathToFileURL("./"));'
# (Use `node --trace-warnings ...` to show where the warning was created)
# Subtest: the first slot offers only living nonempty hands and keeps the source options Jesse-only
ok 193 - the first slot offers only living nonempty hands and keeps the source options Jesse-only
  ---
  duration_ms: 5.522
  type: 'test'
  ...
# Subtest: taking from a selected hand uses injected RNG once and transfers one current physical card
ok 194 - taking from a selected hand uses injected RNG once and transfers one current physical card
  ---
  duration_ms: 3.7359
  type: 'test'
  ...
# Subtest: the selected source is rechecked against the current hand before random selection
ok 195 - the selected source is rechecked against the current hand before random selection
  ---
  duration_ms: 2.8845
  type: 'test'
  ...
# Subtest: empty opponent hands are not offered, and the ordinary deck draw remains the fallback
ok 196 - empty opponent hands are not offered, and the ordinary deck draw remains the fallback
  ---
  duration_ms: 1.0716
  type: 'test'
  ...
# Subtest: choosing the draw pile leaves R08 and resource exhaustion to the draw caller
ok 197 - choosing the draw pile leaves R08 and resource exhaustion to the draw caller
  ---
  duration_ms: 1.2817
  type: 'test'
  ...
# Subtest: a second draw slot cannot activate Jesse's first-slot substitution
ok 198 - a second draw slot cannot activate Jesse's first-slot substitution
  ---
  duration_ms: 0.6619
  type: 'test'
  ...
# (node:18768) ExperimentalWarning: `--experimental-loader` may be removed in the future; instead use `register()`:
# --import 'data:text/javascript,import { register } from "node:module"; import { pathToFileURL } from "node:url"; register("./packages/engine/test/setup/ts-source-loader.mjs", pathToFileURL("./"));'
# (Use `node --trace-warnings ...` to show where the warning was created)
# Subtest: offers one virtual Barrel source for BANG and Gatling attacks
ok 199 - offers one virtual Barrel source for BANG and Gatling attacks
  ---
  duration_ms: 3.9635
  type: 'test'
  ...
# Subtest: does not offer the virtual source after it was attempted or for another defender
ok 200 - does not offer the virtual source after it was attempted or for another defender
  ---
  duration_ms: 0.8182
  type: 'test'
  ...
# Subtest: only a living Jourdonnais can offer the ability, and only for matching BANG-symbol cards
ok 201 - only a living Jourdonnais can offer the ability, and only for matching BANG-symbol cards
  ---
  duration_ms: 1.126
  type: 'test'
  ...
# Subtest: a Heart judgment contributes one Missed and a non-Heart contributes none
ok 202 - a Heart judgment contributes one Missed and a non-Heart contributes none
  ---
  duration_ms: 6.5564
  type: 'test'
  ...
# Subtest: ignores a judgment for another defender, dead character, or unregistered candidate
ok 203 - ignores a judgment for another defender, dead character, or unregistered candidate
  ---
  duration_ms: 0.7045
  type: 'test'
  ...
# (node:20424) ExperimentalWarning: `--experimental-loader` may be removed in the future; instead use `register()`:
# --import 'data:text/javascript,import { register } from "node:module"; import { pathToFileURL } from "node:url"; register("./packages/engine/test/setup/ts-source-loader.mjs", pathToFileURL("./"));'
# (Use `node --trace-warnings ...` to show where the warning was created)
# Subtest: Kit offers all 2-of-3 choices only to its owner and leaves the snapshot unchanged
ok 204 - Kit offers all 2-of-3 choices only to its owner and leaves the snapshot unchanged
  ---
  duration_ms: 9.757
  type: 'test'
  ...
# Subtest: choosing two of the top three draws them and leaves the unselected candidate on top
ok 205 - choosing two of the top three draws them and leaves the unselected candidate on top
  ---
  duration_ms: 2.9555
  type: 'test'
  ...
# Subtest: a caller-provided private reveal pool returns the unselected card to draw-pile top
ok 206 - a caller-provided private reveal pool returns the unselected card to draw-pile top
  ---
  duration_ms: 1.8998
  type: 'test'
  ...
# Subtest: other viewer projections do not expose any of the private candidate cards
ok 207 - other viewer projections do not expose any of the private candidate cards
  ---
  duration_ms: 2.901
  type: 'test'
  ...
# Subtest: Kit does not draw, reshuffle, or consume RNG when the draw caller has not supplied three current candidates
ok 208 - Kit does not draw, reshuffle, or consume RNG when the draw caller has not supplied three current candidates
  ---
  duration_ms: 1.0701
  type: 'test'
  ...
# (node:6200) ExperimentalWarning: `--experimental-loader` may be removed in the future; instead use `register()`:
# --import 'data:text/javascript,import { register } from "node:module"; import { pathToFileURL } from "node:url"; register("./packages/engine/test/setup/ts-source-loader.mjs", pathToFileURL("./"));'
# (Use `node --trace-warnings ...` to show where the warning was created)
# Subtest: Lucky prompts only itself to select one of two public candidates and choose their discard order
ok 209 - Lucky prompts only itself to select one of two public candidates and choose their discard order
  ---
  duration_ms: 10.1737
  type: 'test'
  ...
# Subtest: already supplied candidates are resolved without repeating reveal or consuming RNG
ok 210 - already supplied candidates are resolved without repeating reveal or consuming RNG
  ---
  duration_ms: 1.0057
  type: 'test'
  ...
# Subtest: stale candidates, forged choices, dead actors, and non-Lucky draw hooks are ignored
ok 211 - stale candidates, forged choices, dead actors, and non-Lucky draw hooks are ignored
  ---
  duration_ms: 1.1901
  type: 'test'
  ...
# (node:20216) ExperimentalWarning: `--experimental-loader` may be removed in the future; instead use `register()`:
# --import 'data:text/javascript,import { register } from "node:module"; import { pathToFileURL } from "node:url"; register("./packages/engine/test/setup/ts-source-loader.mjs", pathToFileURL("./"));'
# (Use `node --trace-warnings ...` to show where the warning was created)
# Subtest: only the opponent-to-Paul query gains one and stacks with Rose, Scope, and Mustang per R10
ok 212 - only the opponent-to-Paul query gains one and stacks with Rose, Scope, and Mustang per R10
  ---
  duration_ms: 7.1284
  type: 'test'
  ...
# Subtest: the living seat ring ignores eliminated seats while Paul and Mustang penalties accumulate
ok 213 - the living seat ring ignores eliminated seats while Paul and Mustang penalties accumulate
  ---
  duration_ms: 7.2838
  type: 'test'
  ...
# Subtest: self, dead Paul, non-Paul target, and malformed or duplicate seat data safely contribute zero
ok 214 - self, dead Paul, non-Paul target, and malformed or duplicate seat data safely contribute zero
  ---
  duration_ms: 1.5066
  type: 'test'
  ...
# (node:22852) ExperimentalWarning: `--experimental-loader` may be removed in the future; instead use `register()`:
# --import 'data:text/javascript,import { register } from "node:module"; import { pathToFileURL } from "node:url"; register("./packages/engine/test/setup/ts-source-loader.mjs", pathToFileURL("./"));'
# (Use `node --trace-warnings ...` to show where the warning was created)
# Subtest: first ordinary draw prompts Pedro alone to choose the public discard top or normal draw pile
ok 215 - first ordinary draw prompts Pedro alone to choose the public discard top or normal draw pile
  ---
  duration_ms: 6.3522
  type: 'test'
  ...
# Subtest: choosing discard top transfers only the current last discard card without mutating state
ok 216 - choosing discard top transfers only the current last discard card without mutating state
  ---
  duration_ms: 1.6743
  type: 'test'
  ...
# Subtest: choosing the draw pile leaves normal draw and R08 handling to the caller
ok 217 - choosing the draw pile leaves normal draw and R08 handling to the caller
  ---
  duration_ms: 3.3083
  type: 'test'
  ...
# Subtest: an empty draw pile still offers the current discard top before R08 is needed
ok 218 - an empty draw pile still offers the current discard top before R08 is needed
  ---
  duration_ms: 2.4569
  type: 'test'
  ...
# Subtest: an empty discard pile has no replacement choice and the draw caller owns the fallback
ok 219 - an empty discard pile has no replacement choice and the draw caller owns the fallback
  ---
  duration_ms: 1.3991
  type: 'test'
  ...
# Subtest: only the first ordinary draw slot can open Pedro's replacement choice
ok 220 - only the first ordinary draw slot can open Pedro's replacement choice
  ---
  duration_ms: 0.8716
  type: 'test'
  ...
# Subtest: a stale or forged top source and mismatched resumed top do not move a card
ok 221 - a stale or forged top source and mismatched resumed top do not move a card
  ---
  duration_ms: 1.4015
  type: 'test'
  ...
# (node:13012) ExperimentalWarning: `--experimental-loader` may be removed in the future; instead use `register()`:
# --import 'data:text/javascript,import { register } from "node:module"; import { pathToFileURL } from "node:url"; register("./packages/engine/test/setup/ts-source-loader.mjs", pathToFileURL("./"));'
# (Use `node --trace-warnings ...` to show where the warning was created)
# Subtest: Rose reduces only her own directed query and stacks with Scope, Paul, and Mustang per R10
ok 222 - Rose reduces only her own directed query and stacks with Scope, Paul, and Mustang per R10
  ---
  duration_ms: 5.6535
  type: 'test'
  ...
# Subtest: R10 uses the surviving circle and keeps Rose plus Scope at a minimum distance of one
ok 223 - R10 uses the surviving circle and keeps Rose plus Scope at a minimum distance of one
  ---
  duration_ms: 6.2473
  type: 'test'
  ...
# Subtest: Rose at zero HP still reduces distance while the death-rescue decision is pending
ok 224 - Rose at zero HP still reduces distance while the death-rescue decision is pending
  ---
  duration_ms: 0.6491
  type: 'test'
  ...
# Subtest: self queries, dead or mismatched Rose, and malformed or duplicate seat data contribute zero
ok 225 - self queries, dead or mismatched Rose, and malformed or duplicate seat data contribute zero
  ---
  duration_ms: 1.6659
  type: 'test'
  ...
# (node:4872) ExperimentalWarning: `--experimental-loader` may be removed in the future; instead use `register()`:
# --import 'data:text/javascript,import { register } from "node:module"; import { pathToFileURL } from "node:url"; register("./packages/engine/test/setup/ts-source-loader.mjs", pathToFileURL("./"));'
# (Use `node --trace-warnings ...` to show where the warning was created)
# Subtest: Sid direct module returns only a capped heal step for a valid play-phase hook
ok 226 - Sid direct module returns only a capped heal step for a valid play-phase hook
  ---
  duration_ms: 5.8349
  type: 'test'
  ...
# Subtest: Sid can spend two exact hand cards repeatedly and never exceed max HP
ok 227 - Sid can spend two exact hand cards repeatedly and never exceed max HP
  ---
  duration_ms: 10.1581
  type: 'test'
  ...
# Subtest: T14 refuses Sid use while another card resolution is awaiting a response
ok 228 - T14 refuses Sid use while another card resolution is awaiting a response
  ---
  duration_ms: 4.165
  type: 'test'
  ...
# Subtest: Sid is the only death-rescue responder and can rescue at two living players
ok 229 - Sid is the only death-rescue responder and can rescue at two living players
  ---
  duration_ms: 9.8925
  type: 'test'
  ...
# (node:21352) ExperimentalWarning: `--experimental-loader` may be removed in the future; instead use `register()`:
# --import 'data:text/javascript,import { register } from "node:module"; import { pathToFileURL } from "node:url"; register("./packages/engine/test/setup/ts-source-loader.mjs", pathToFileURL("./"));'
# (Use `node --trace-warnings ...` to show where the warning was created)
# Subtest: Slab's own physical BANG adds one Missed while a resumed query retains that requirement
ok 230 - Slab's own physical BANG adds one Missed while a resumed query retains that requirement
  ---
  duration_ms: 7.9999
  type: 'test'
  ...
# Subtest: Gatling, another attacker's BANG, and Calamity's physical Missed conversion receive no Slab addition
ok 231 - Gatling, another attacker's BANG, and Calamity's physical Missed conversion receive no Slab addition
  ---
  duration_ms: 1.0185
  type: 'test'
  ...
# Subtest: rejects invalid character, attacker/defender identity, liveness, phase, and card references
ok 232 - rejects invalid character, attacker/defender identity, liveness, phase, and card references
  ---
  duration_ms: 1.2848
  type: 'test'
  ...
# Subtest: validates saved Missed and judgment progress before applying the query
ok 233 - validates saved Missed and judgment progress before applying the query
  ---
  duration_ms: 0.8841
  type: 'test'
  ...
# Subtest: the same valid input always returns the same result and never consumes the injected RNG
ok 234 - the same valid input always returns the same result and never consumes the injected RNG
  ---
  duration_ms: 1.4491
  type: 'test'
  ...
# (node:22604) ExperimentalWarning: `--experimental-loader` may be removed in the future; instead use `register()`:
# --import 'data:text/javascript,import { register } from "node:module"; import { pathToFileURL } from "node:url"; register("./packages/engine/test/setup/ts-source-loader.mjs", pathToFileURL("./"));'
# (Use `node --trace-warnings ...` to show where the warning was created)
# Subtest: Suzy draws immediately after a continuing Slab response leaves her empty-handed
ok 235 - Suzy draws immediately after a continuing Slab response leaves her empty-handed
  ---
  duration_ms: 9.7842
  type: 'test'
  ...
# Subtest: Suzy waits for a last Duel to finish, then draws once if the hand is still empty
ok 236 - Suzy waits for a last Duel to finish, then draws once if the hand is still empty
  ---
  duration_ms: 1.8505
  type: 'test'
  ...
# Subtest: Suzy's surviving El Gringo boundary draws before the reward only when her hand is empty
ok 237 - Suzy's surviving El Gringo boundary draws before the reward only when her hand is empty
  ---
  duration_ms: 3.4966
  type: 'test'
  ...
# Subtest: completed General Store, Stagecoach, and Wells Fargo do not trigger an extra Suzy draw
ok 238 - completed General Store, Stagecoach, and Wells Fargo do not trigger an extra Suzy draw
  ---
  duration_ms: 5.9571
  type: 'test'
  ...
# Subtest: Suzy ignores non-empty, stale-count, unsupported-actor, and wrong-boundary hooks
ok 239 - Suzy ignores non-empty, stale-count, unsupported-actor, and wrong-boundary hooks
  ---
  duration_ms: 3.7976
  type: 'test'
  ...
# (node:22020) ExperimentalWarning: `--experimental-loader` may be removed in the future; instead use `register()`:
# --import 'data:text/javascript,import { register } from "node:module"; import { pathToFileURL } from "node:url"; register("./packages/engine/test/setup/ts-source-loader.mjs", pathToFileURL("./"));'
# (Use `node --trace-warnings ...` to show where the warning was created)
# Subtest: Vulture Sam transfers eliminated player's hand and equipment to hand without mutating state
ok 240 - Vulture Sam transfers eliminated player's hand and equipment to hand without mutating state
  ---
  duration_ms: 7.2496
  type: 'test'
  ...
# Subtest: Vulture Sam cannot recover a Dynamite already discarded by its explosion
ok 241 - Vulture Sam cannot recover a Dynamite already discarded by its explosion
  ---
  duration_ms: 0.9882
  type: 'test'
  ...
# Subtest: Vulture Sam ignores malformed or stale cleanup snapshots
ok 242 - Vulture Sam ignores malformed or stale cleanup snapshots
  ---
  duration_ms: 2.3161
  type: 'test'
  ...
# (node:8576) ExperimentalWarning: `--experimental-loader` may be removed in the future; instead use `register()`:
# --import 'data:text/javascript,import { register } from "node:module"; import { pathToFileURL } from "node:url"; register("./packages/engine/test/setup/ts-source-loader.mjs", pathToFileURL("./"));'
# (Use `node --trace-warnings ...` to show where the warning was created)
# Subtest: Willy has an unlimited own-turn BANG quota and preserves the accumulated count
ok 243 - Willy has an unlimited own-turn BANG quota and preserves the accumulated count
  ---
  duration_ms: 6.9837
  type: 'test'
  ...
# Subtest: Willy's unlimited quota applies only to a valid own-turn BANG quota query
ok 244 - Willy's unlimited quota applies only to a valid own-turn BANG quota query
  ---
  duration_ms: 2.666
  type: 'test'
  ...
# Subtest: Willy keeps ordinary target and range restrictions, and other characters keep the one-BANG limit
ok 245 - Willy keeps ordinary target and range restrictions, and other characters keep the one-BANG limit
  ---
  duration_ms: 3.3524
  type: 'test'
  ...
# (node:12812) ExperimentalWarning: `--experimental-loader` may be removed in the future; instead use `register()`:
# --import 'data:text/javascript,import { register } from "node:module"; import { pathToFileURL } from "node:url"; register("./packages/engine/test/setup/ts-source-loader.mjs", pathToFileURL("./"));'
# (Use `node --trace-warnings ...` to show where the warning was created)
# Subtest: draw-pile supply uses deck top first and returns hand movement drafts without mutation
ok 246 - draw-pile supply uses deck top first and returns hand movement drafts without mutation
  ---
  duration_ms: 2.4296
  type: 'test'
  ...
# Subtest: R08 reshuffles the whole discard pile only when the deck becomes empty
ok 247 - R08 reshuffles the whole discard pile only when the deck becomes empty
  ---
  duration_ms: 0.723
  type: 'test'
  ...
# Subtest: a played Stagecoach is included in a later reshuffle after runtime consumes it
ok 248 - a played Stagecoach is included in a later reshuffle after runtime consumes it
  ---
  duration_ms: 2.4864
  type: 'test'
  ...
# Subtest: D05 records a partial fulfillment and pauses after the last available card
ok 249 - D05 records a partial fulfillment and pauses after the last available card
  ---
  duration_ms: 0.4058
  type: 'test'
  ...
# Subtest: D05 with both piles empty pauses without creating a card
ok 250 - D05 with both piles empty pauses without creating a card
  ---
  duration_ms: 0.5582
  type: 'test'
  ...
# Subtest: revealed-pool destination preserves General Store reveal event semantics
ok 251 - revealed-pool destination preserves General Store reveal event semantics
  ---
  duration_ms: 0.4037
  type: 'test'
  ...
# Subtest: peek returns private candidates without emitting card-movement events
ok 252 - peek returns private candidates without emitting card-movement events
  ---
  duration_ms: 0.3838
  type: 'test'
  ...
# Subtest: peek returns only shuffle/exhaustion events when the deck needs replenishment
ok 253 - peek returns only shuffle/exhaustion events when the deck needs replenishment
  ---
  duration_ms: 0.2742
  type: 'test'
  ...
# Subtest: the same piles and injected RNG produce the same plan
ok 254 - the same piles and injected RNG produce the same plan
  ---
  duration_ms: 0.4182
  type: 'test'
  ...
# Subtest: rejects negative or fractional requested counts
ok 255 - rejects negative or fractional requested counts
  ---
  duration_ms: 1.0697
  type: 'test'
  ...
# (node:19628) ExperimentalWarning: `--experimental-loader` may be removed in the future; instead use `register()`:
# --import 'data:text/javascript,import { register } from "node:module"; import { pathToFileURL } from "node:url"; register("./packages/engine/test/setup/ts-source-loader.mjs", pathToFileURL("./"));'
# (Use `node --trace-warnings ...` to show where the warning was created)
# Subtest: Stagecoach draws exactly two and Wells Fargo exactly three to the user hand
ok 256 - Stagecoach draws exactly two and Wells Fargo exactly three to the user hand
  ---
  duration_ms: 9.9436
  type: 'test'
  ...
# Subtest: R08 reshuffles the entire discard pile, including the played Stagecoach, when the deck runs out
ok 257 - R08 reshuffles the entire discard pile, including the played Stagecoach, when the deck runs out
  ---
  duration_ms: 1.7306
  type: 'test'
  ...
# Subtest: D05 pauses after partial draws when both draw and discard piles are exhausted
ok 258 - D05 pauses after partial draws when both draw and discard piles are exhausted
  ---
  duration_ms: 1.5465
  type: 'test'
  ...
# Subtest: General Store pauses on a partial reveal when R08 cannot refill enough cards
ok 259 - General Store pauses on a partial reveal when R08 cannot refill enough cards
  ---
  duration_ms: 1.7655
  type: 'test'
  ...
# Subtest: General Store reveals one card per living player and prompts them clockwise one at a time
ok 260 - General Store reveals one card per living player and prompts them clockwise one at a time
  ---
  duration_ms: 3.0581
  type: 'test'
  ...
# Subtest: General Store reshuffles the used source card before revealing the full living-player count
ok 261 - General Store reshuffles the used source card before revealing the full living-player count
  ---
  duration_ms: 0.7822
  type: 'test'
  ...
# Subtest: effects reject mismatched sources, explicit targets, and invalid General Store choices
ok 262 - effects reject mismatched sources, explicit targets, and invalid General Store choices
  ---
  duration_ms: 0.9653
  type: 'test'
  ...
# (node:11792) ExperimentalWarning: `--experimental-loader` may be removed in the future; instead use `register()`:
# --import 'data:text/javascript,import { register } from "node:module"; import { pathToFileURL } from "node:url"; register("./packages/engine/test/setup/ts-source-loader.mjs", pathToFileURL("./"));'
# (Use `node --trace-warnings ...` to show where the warning was created)
# Subtest: Duel requires one other living player and starts with a distant target
ok 263 - Duel requires one other living player and starts with a distant target
  ---
  duration_ms: 7.795
  type: 'test'
  ...
# Subtest: players alternate from the target; yielded initiator takes Duel damage without changing BANG quota
ok 264 - players alternate from the target; yielded initiator takes Duel damage without changing BANG quota
  ---
  duration_ms: 6.4359
  type: 'test'
  ...
# Subtest: a responder with no BANG immediately takes one damage and the Duel ends
ok 265 - a responder with no BANG immediately takes one damage and the Duel ends
  ---
  duration_ms: 0.7954
  type: 'test'
  ...
# Subtest: Calamity Janet may answer Duel with Missed as BANG
ok 266 - Calamity Janet may answer Duel with Missed as BANG
  ---
  duration_ms: 0.8738
  type: 'test'
  ...
# Subtest: Duel damage retains the initiator so R28 gives them no reward for their own elimination
ok 267 - Duel damage retains the initiator so R28 gives them no reward for their own elimination
  ---
  duration_ms: 4.325
  type: 'test'
  ...
# (node:1828) ExperimentalWarning: `--experimental-loader` may be removed in the future; instead use `register()`:
# --import 'data:text/javascript,import { register } from "node:module"; import { pathToFileURL } from "node:url"; register("./packages/engine/test/setup/ts-source-loader.mjs", pathToFileURL("./"));'
# (Use `node --trace-warnings ...` to show where the warning was created)
# Subtest: Dynamite installs from its owner's hand without judging or consuming RNG
ok 268 - Dynamite installs from its owner's hand without judging or consuming RNG
  ---
  duration_ms: 5.5375
  type: 'test'
  ...
# Subtest: Dynamite installation rejects wrong source, owner, target, and nonliving or ambiguous actors
ok 269 - Dynamite installation rejects wrong source, owner, target, and nonliving or ambiguous actors
  ---
  duration_ms: 1.8994
  type: 'test'
  ...
# Subtest: Dynamite explodes on Spade 2 and 9, discards before damage, and has no responsible attacker
ok 270 - Dynamite explodes on Spade 2 and 9, discards before damage, and has no responsible attacker
  ---
  duration_ms: 3.7018
  type: 'test'
  ...
# Subtest: Spade 10 and Ace pass Dynamite to the next living seat without damage
ok 271 - Spade 10 and Ace pass Dynamite to the next living seat without damage
  ---
  duration_ms: 2.1328
  type: 'test'
  ...
# Subtest: Dynamite judgment reshuffles the discard deterministically without mutating input
ok 272 - Dynamite judgment reshuffles the discard deterministically without mutating input
  ---
  duration_ms: 1.3985
  type: 'test'
  ...
# Subtest: empty draw and discard piles pause under D05 without consuming Dynamite
ok 273 - empty draw and discard piles pause under D05 without consuming Dynamite
  ---
  duration_ms: 1.899
  type: 'test'
  ...
# Subtest: Dynamite only resolves in the current player's start phase
ok 274 - Dynamite only resolves in the current player's start phase
  ---
  duration_ms: 1.2212
  type: 'test'
  ...
# Subtest: Barrel Heart cancels the serialized T18 Gatling step without Slab strengthening
ok 275 - Barrel Heart cancels the serialized T18 Gatling step without Slab strengthening
  ---
  duration_ms: 3.6141
  type: 'test'
  ...
# Subtest: Barrel step rejects a forged response from a player other than the target
ok 276 - Barrel step rejects a forged response from a player other than the target
  ---
  duration_ms: 3.5227
  type: 'test'
  ...
# Subtest: failed Gatling Barrel check permits Missed or hit and cannot retry that Barrel
ok 277 - failed Gatling Barrel check permits Missed or hit and cannot retry that Barrel
  ---
  duration_ms: 2.8629
  type: 'test'
  ...
# Subtest: Slab BANG needs a second Missed after a successful Barrel check
ok 278 - Slab BANG needs a second Missed after a successful Barrel check
  ---
  duration_ms: 0.8112
  type: 'test'
  ...
# Subtest: Barrel and Jourdonnais may each test once against Slab and together satisfy two defenses
ok 279 - Barrel and Jourdonnais may each test once against Slab and together satisfy two defenses
  ---
  duration_ms: 0.8597
  type: 'test'
  ...
# Subtest: Barrel does not prevent Dynamite damage
ok 280 - Barrel does not prevent Dynamite damage
  ---
  duration_ms: 0.4973
  type: 'test'
  ...
# (node:25552) ExperimentalWarning: `--experimental-loader` may be removed in the future; instead use `register()`:
# --import 'data:text/javascript,import { register } from "node:module"; import { pathToFileURL } from "node:url"; register("./packages/engine/test/setup/ts-source-loader.mjs", pathToFileURL("./"));'
# (Use `node --trace-warnings ...` to show where the warning was created)
# Subtest: the virtual Colt and each weapon expose their R11 maximum range
ok 281 - the virtual Colt and each weapon expose their R11 maximum range
  ---
  duration_ms: 12.6229
  type: 'test'
  ...
# Subtest: playing a different weapon discards the old one before equipping the new one
ok 282 - playing a different weapon discards the old one before equipping the new one
  ---
  duration_ms: 2.047
  type: 'test'
  ...
# Subtest: Barrel installs without replacing a weapon and rejects a duplicate Barrel
ok 283 - Barrel installs without replacing a weapon and rejects a duplicate Barrel
  ---
  duration_ms: 1.8017
  type: 'test'
  ...
# Subtest: losing Volcanic preserves the turn BANG count and removes its unlimited-use exception
ok 284 - losing Volcanic preserves the turn BANG count and removes its unlimited-use exception
  ---
  duration_ms: 4.1266
  type: 'test'
  ...
# Subtest: Mustang, Paul, Scope, and Rose apply direction-specific R10 corrections
ok 285 - Mustang, Paul, Scope, and Rose apply direction-specific R10 corrections
  ---
  duration_ms: 1.3468
  type: 'test'
  ...
# Subtest: the module rejects unsupported, duplicate, and targeted equipment plays
ok 286 - the module rejects unsupported, duplicate, and targeted equipment plays
  ---
  duration_ms: 1.2473
  type: 'test'
  ...
# (node:24332) ExperimentalWarning: `--experimental-loader` may be removed in the future; instead use `register()`:
# --import 'data:text/javascript,import { register } from "node:module"; import { pathToFileURL } from "node:url"; register("./packages/engine/test/setup/ts-source-loader.mjs", pathToFileURL("./"));'
# (Use `node --trace-warnings ...` to show where the warning was created)
# Subtest: over-limit hand asks its owner to order exactly the current-HP excess
ok 287 - over-limit hand asks its owner to order exactly the current-HP excess
  ---
  duration_ms: 5.2152
  type: 'test'
  ...
# Subtest: hand at or below current HP needs no discard, even when max HP is higher
ok 288 - hand at or below current HP needs no discard, even when max HP is higher
  ---
  duration_ms: 1.9781
  type: 'test'
  ...
# Subtest: saved T12 discard order survives JSON round-trip and becomes ordered discard events
ok 289 - saved T12 discard order survives JSON round-trip and becomes ordered discard events
  ---
  duration_ms: 5.3426
  type: 'test'
  ...
# Subtest: a completed order is rejected if HP changes before the selection is applied
ok 290 - a completed order is rejected if HP changes before the selection is applied
  ---
  duration_ms: 2.3479
  type: 'test'
  ...
# Subtest: turn hand limit rejects equipment IDs and does not reuse elimination cleanup choices
ok 291 - turn hand limit rejects equipment IDs and does not reuse elimination cleanup choices
  ---
  duration_ms: 2.0108
  type: 'test'
  ...
# Subtest: a limit request is based on the current HP after an HP reduction
ok 292 - a limit request is based on the current HP after an HP reduction
  ---
  duration_ms: 0.5611
  type: 'test'
  ...
# (node:9576) ExperimentalWarning: `--experimental-loader` may be removed in the future; instead use `register()`:
# --import 'data:text/javascript,import { register } from "node:module"; import { pathToFileURL } from "node:url"; register("./packages/engine/test/setup/ts-source-loader.mjs", pathToFileURL("./"));'
# (Use `node --trace-warnings ...` to show where the warning was created)
# Subtest: Jail may be installed on a distant living non-Sheriff and drafts the correct zone transfer
ok 293 - Jail may be installed on a distant living non-Sheriff and drafts the correct zone transfer
  ---
  duration_ms: 8.969
  type: 'test'
  ...
# Subtest: Jail installation rejects missing, self, Sheriff, and eliminated targets
ok 294 - Jail installation rejects missing, self, Sheriff, and eliminated targets
  ---
  duration_ms: 1.9042
  type: 'test'
  ...
# Subtest: Jail Heart judgment always discards Jail after the judgment card
ok 295 - Jail Heart judgment always discards Jail after the judgment card
  ---
  duration_ms: 2.0908
  type: 'test'
  ...
# Subtest: Jail non-Heart judgment always discards Jail after the judgment card
ok 296 - Jail non-Heart judgment always discards Jail after the judgment card
  ---
  duration_ms: 1.413
  type: 'test'
  ...
# Subtest: Jail uses R08 discard recycling before a judgment and keeps Jail on top
ok 297 - Jail uses R08 discard recycling before a judgment and keeps Jail on top
  ---
  duration_ms: 2.27
  type: 'test'
  ...
# Subtest: Lucky Jail exposes only two candidates, saves their chosen order, and discards Jail last
ok 298 - Lucky Jail exposes only two candidates, saves their chosen order, and discards Jail last
  ---
  duration_ms: 6.4384
  type: 'test'
  ...
# Subtest: Lucky Jail pauses on partial D05 supply without exposing or moving one remaining card
ok 299 - Lucky Jail pauses on partial D05 supply without exposing or moving one remaining card
  ---
  duration_ms: 1.1842
  type: 'test'
  ...
# Subtest: Lucky Jail gets the deterministic R08 discard reshuffle before its two candidate choice
ok 300 - Lucky Jail gets the deterministic R08 discard reshuffle before its two candidate choice
  ---
  duration_ms: 2.2006
  type: 'test'
  ...
# Subtest: Jail pauses without consuming the installed card when both piles are empty
ok 301 - Jail pauses without consuming the installed card when both piles are empty
  ---
  duration_ms: 1.6868
  type: 'test'
  ...
# Subtest: Jail start resolution requires its owner's start phase after Dynamite
ok 302 - Jail start resolution requires its owner's start phase after Dynamite
  ---
  duration_ms: 3.4056
  type: 'test'
  ...
# (node:13872) ExperimentalWarning: `--experimental-loader` may be removed in the future; instead use `register()`:
# --import 'data:text/javascript,import { register } from "node:module"; import { pathToFileURL } from "node:url"; register("./packages/engine/test/setup/ts-source-loader.mjs", pathToFileURL("./"));'
# (Use `node --trace-warnings ...` to show where the warning was created)
# Subtest: registers every base card and character once with their matching modules
ok 303 - registers every base card and character once with their matching modules
  ---
  duration_ms: 2.7666
  type: 'test'
  ...
# Subtest: builds a registry whose types fit the T66 runtime injection API
ok 304 - builds a registry whose types fit the T66 runtime injection API
  ---
  duration_ms: 0.8206
  type: 'test'
  ...
# Subtest: rejects duplicate card and character identifiers
ok 305 - rejects duplicate card and character identifiers
  ---
  duration_ms: 1.0202
  type: 'test'
  ...
# Subtest: rejects missing card and character identifiers
ok 306 - rejects missing card and character identifiers
  ---
  duration_ms: 1.8894
  type: 'test'
  ...
# Subtest: rejects unknown card and character identifiers
ok 307 - rejects unknown card and character identifiers
  ---
  duration_ms: 0.7048
  type: 'test'
  ...
# Subtest: rejects malformed entries and non-module registrations
ok 308 - rejects malformed entries and non-module registrations
  ---
  duration_ms: 0.5382
  type: 'test'
  ...
# (node:21264) ExperimentalWarning: `--experimental-loader` may be removed in the future; instead use `register()`:
# --import 'data:text/javascript,import { register } from "node:module"; import { pathToFileURL } from "node:url"; register("./packages/engine/test/setup/ts-source-loader.mjs", pathToFileURL("./"));'
# (Use `node --trace-warnings ...` to show where the warning was created)
# Subtest: BANG response persists as JSON, applies the hit, and closes its continuation
ok 309 - BANG response persists as JSON, applies the hit, and closes its continuation
  ---
  duration_ms: 28.536
  type: 'test'
  ...
# Subtest: Slab physical BANG saves a second response after one Missed and applies TAKE_HIT after JSON resume
ok 310 - Slab physical BANG saves a second response after one Missed and applies TAKE_HIT after JSON resume
  ---
  duration_ms: 4.2863
  type: 'test'
  ...
# Subtest: Suzy draws after the first Slab Missed before the second defense prompt opens
ok 311 - Suzy draws after the first Slab Missed before the second defense prompt opens
  ---
  duration_ms: 7.2655
  type: 'test'
  ...
# Subtest: Suzy waits until an initiated Duel fully resolves before drawing
ok 312 - Suzy waits until an initiated Duel fully resolves before drawing
  ---
  duration_ms: 2.9518
  type: 'test'
  ...
# Subtest: Slab BANG counts successful Barrel and Jourdonnais judgments once each across JSON resume
ok 313 - Slab BANG counts successful Barrel and Jourdonnais judgments once each across JSON resume
  ---
  duration_ms: 5.9076
  type: 'test'
  ...
# Subtest: a Calamity physical Missed used as BANG stays at the ordinary one-card defense quota
ok 314 - a Calamity physical Missed used as BANG stays at the ordinary one-card defense quota
  ---
  duration_ms: 5.9215
  type: 'test'
  ...
# Subtest: a non-Slab physical BANG does not dispatch the Slab query
ok 315 - a non-Slab physical BANG does not dispatch the Slab query
  ---
  duration_ms: 2.5159
  type: 'test'
  ...
# Subtest: Beer rescue resumes after JSON persistence and records damage only after recovery
ok 316 - Beer rescue resumes after JSON persistence and records damage only after recovery
  ---
  duration_ms: 5.2582
  type: 'test'
  ...
# Subtest: Dynamite overkill keeps the rescue HP deficit through repeated Beer and runs Bart after survival
ok 317 - Dynamite overkill keeps the rescue HP deficit through repeated Beer and runs Bart after survival
  ---
  duration_ms: 3.7485
  type: 'test'
  ...
# Subtest: after one partial Beer rescue, accepting elimination follows normal R28 cleanup
ok 318 - after one partial Beer rescue, accepting elimination follows normal R28 cleanup
  ---
  duration_ms: 10.158
  type: 'test'
  ...
# Subtest: Sid healing also keeps an overkill rescue open until HP becomes positive after JSON resume
ok 319 - Sid healing also keeps an overkill rescue open until HP becomes positive after JSON resume
  ---
  duration_ms: 11.1276
  type: 'test'
  ...
# Subtest: a single Beer rescues damage that leaves HP exactly zero
ok 320 - a single Beer rescues damage that leaves HP exactly zero
  ---
  duration_ms: 1.5037
  type: 'test'
  ...
# Subtest: Sid rescue spends the saved two-card pair before recovery continues
ok 321 - Sid rescue spends the saved two-card pair before recovery continues
  ---
  duration_ms: 2.1651
  type: 'test'
  ...
# Subtest: Stagecoach and equipment modules produce candidate card-zone changes through runtime
ok 322 - Stagecoach and equipment modules produce candidate card-zone changes through runtime
  ---
  duration_ms: 2.4698
  type: 'test'
  ...
# Subtest: Suzy does not draw again after General Store, Stagecoach, or Wells Fargo provides cards
ok 323 - Suzy does not draw again after General Store, Stagecoach, or Wells Fargo provides cards
  ---
  duration_ms: 3.4995
  type: 'test'
  ...
# Subtest: Duel prompt and sequential target resolution use the serialized module result
ok 324 - Duel prompt and sequential target resolution use the serialized module result
  ---
  duration_ms: 1.0094
  type: 'test'
  ...
# Subtest: Gatling resumes its clockwise queue after a public Barrel judgment
ok 325 - Gatling resumes its clockwise queue after a public Barrel judgment
  ---
  duration_ms: 5.3537
  type: 'test'
  ...
# Subtest: Jail and Panic results apply their declared zone movements
ok 326 - Jail and Panic results apply their declared zone movements
  ---
  duration_ms: 2.0823
  type: 'test'
  ...
# Subtest: direct phase-effect entrypoint runs Dynamite under an explicit continuation ID
ok 327 - direct phase-effect entrypoint runs Dynamite under an explicit continuation ID
  ---
  duration_ms: 0.9724
  type: 'test'
  ...
# Subtest: Lucky's Dynamite judgment choice persists its two candidates and selected safe result across JSON resume
ok 328 - Lucky's Dynamite judgment choice persists its two candidates and selected safe result across JSON resume
  ---
  duration_ms: 14.969
  type: 'test'
  ...
# Subtest: Lucky's actual Barrel Draw! saves selection and chosen discard order through the runtime queue
ok 329 - Lucky's actual Barrel Draw! saves selection and chosen discard order through the runtime queue
  ---
  duration_ms: 4.2016
  type: 'test'
  ...
# Subtest: Elimination rescue accept resumes R28 cleanup before the saved damage hook
ok 330 - Elimination rescue accept resumes R28 cleanup before the saved damage hook
  ---
  duration_ms: 1.8745
  type: 'test'
  ...
# Subtest: Suzy draws after R27 rescue before El Gringo steals, then checks again at resolution completion
ok 331 - Suzy draws after R27 rescue before El Gringo steals, then checks again at resolution completion
  ---
  duration_ms: 2.4705
  type: 'test'
  ...
# Subtest: Suzy does not make a completion draw when El Gringo leaves her with a card
ok 332 - Suzy does not make a completion draw when El Gringo leaves her with a card
  ---
  duration_ms: 1.2018
  type: 'test'
  ...
# Subtest: Sid ability module receives the caller-selected two-card cost and runtime applies it once
ok 333 - Sid ability module receives the caller-selected two-card cost and runtime applies it once
  ---
  duration_ms: 1.6818
  type: 'test'
  ...
# (node:1792) ExperimentalWarning: `--experimental-loader` may be removed in the future; instead use `register()`:
# --import 'data:text/javascript,import { register } from "node:module"; import { pathToFileURL } from "node:url"; register("./packages/engine/test/setup/ts-source-loader.mjs", pathToFileURL("./"));'
# (Use `node --trace-warnings ...` to show where the warning was created)
# Subtest: missing, ambiguous, or incomplete target zones are distinguished
ok 334 - missing, ambiguous, or incomplete target zones are distinguished
  ---
  duration_ms: 3.9861
  type: 'test'
  ...
# Subtest: Panic! randomly drafts one adjacent opponent hand card transfer without mutating state
ok 335 - Panic! randomly drafts one adjacent opponent hand card transfer without mutating state
  ---
  duration_ms: 5.7699
  type: 'test'
  ...
# Subtest: Cat Balou discards a random hand card at any distance
ok 336 - Cat Balou discards a random hand card at any distance
  ---
  duration_ms: 1.6956
  type: 'test'
  ...
# Subtest: a selected public physical card is the only card moved, without consuming randomness
ok 337 - a selected public physical card is the only card moved, without consuming randomness
  ---
  duration_ms: 1.4363
  type: 'test'
  ...
# Subtest: Panic! moves a selected public card into hand and enforces its adjacency rule
ok 338 - Panic! moves a selected public card into hand and enforces its adjacency rule
  ---
  duration_ms: 1.9816
  type: 'test'
  ...
# Subtest: D03 permits either effect on own public equipment and rejects own hand
ok 339 - D03 permits either effect on own public equipment and rejects own hand
  ---
  duration_ms: 0.7633
  type: 'test'
  ...
# Subtest: dead, missing, empty, and nonphysical targets are rejected
ok 340 - dead, missing, empty, and nonphysical targets are rejected
  ---
  duration_ms: 0.82
  type: 'test'
  ...
# Subtest: wrong physical source is rejected and random selection is deterministic
ok 341 - wrong physical source is rejected and random selection is deterministic
  ---
  duration_ms: 0.9173
  type: 'test'
  ...
# (node:1640) ExperimentalWarning: `--experimental-loader` may be removed in the future; instead use `register()`:
# --import 'data:text/javascript,import { register } from "node:module"; import { pathToFileURL } from "node:url"; register("./packages/engine/test/setup/ts-source-loader.mjs", pathToFileURL("./"));'
# (Use `node --trace-warnings ...` to show where the warning was created)
# Subtest: Gatling and Indians queue all living opponents clockwise after the user
ok 342 - Gatling and Indians queue all living opponents clockwise after the user
  ---
  duration_ms: 8.2768
  type: 'test'
  ...
# Subtest: Gatling offers one Missed plus available Barrel and Jourdonnais responses
ok 343 - Gatling offers one Missed plus available Barrel and Jourdonnais responses
  ---
  duration_ms: 2.5782
  type: 'test'
  ...
# Subtest: one Missed defeats Gatling even for Slab and the effect emits no damage
ok 344 - one Missed defeats Gatling even for Slab and the effect emits no damage
  ---
  duration_ms: 1.3041
  type: 'test'
  ...
# Subtest: Gatling delegates Barrel and Jourdonnais checks to a serialized check step
ok 345 - Gatling delegates Barrel and Jourdonnais checks to a serialized check step
  ---
  duration_ms: 1.193
  type: 'test'
  ...
# Subtest: Indians permits only a BANG discard or taking one damage
ok 346 - Indians permits only a BANG discard or taking one damage
  ---
  duration_ms: 2.479
  type: 'test'
  ...
# Subtest: Calamity Janet may use Missed as the BANG response to Indians
ok 347 - Calamity Janet may use Missed as the BANG response to Indians
  ---
  duration_ms: 1.7515
  type: 'test'
  ...
# Subtest: Saloon heals both living players in a two-player game, caps HP, and never revives
ok 348 - Saloon heals both living players in a two-player game, caps HP, and never revives
  ---
  duration_ms: 1.7891
  type: 'test'
  ...
# Subtest: Saloon cannot be used to rescue a player already in a death flow
ok 349 - Saloon cannot be used to rescue a player already in a death flow
  ---
  duration_ms: 2.0097
  type: 'test'
  ...
# Subtest: target steps remain serialized through cleanup and victory waits until the full queue ends
ok 350 - target steps remain serialized through cleanup and victory waits until the full queue ends
  ---
  duration_ms: 3.4579
  type: 'test'
  ...
# (node:21632) ExperimentalWarning: `--experimental-loader` may be removed in the future; instead use `register()`:
# --import 'data:text/javascript,import { register } from "node:module"; import { pathToFileURL } from "node:url"; register("./packages/engine/test/setup/ts-source-loader.mjs", pathToFileURL("./"));'
# (Use `node --trace-warnings ...` to show where the warning was created)
# Subtest: living Vulture Sam receives an outlaw's hand and equipment before the responsible player draws three
ok 351 - living Vulture Sam receives an outlaw's hand and equipment before the responsible player draws three
  ---
  duration_ms: 11.1096
  type: 'test'
  ...
# Subtest: Sheriff Sam first recovers the Deputy's cards, then orders all of their cards into the discard pile
ok 352 - Sheriff Sam first recovers the Deputy's cards, then orders all of their cards into the discard pile
  ---
  duration_ms: 4.6361
  type: 'test'
  ...
# Subtest: without Vulture Sam, the eliminated owner chooses discard top order and the killer gets the Outlaw reward
ok 353 - without Vulture Sam, the eliminated owner chooses discard top order and the killer gets the Outlaw reward
  ---
  duration_ms: 2.728
  type: 'test'
  ...
# Subtest: Dynamite has no responsible killer and is discarded before the eliminated owner's remaining cards
ok 354 - Dynamite has no responsible killer and is discarded before the eliminated owner's remaining cards
  ---
  duration_ms: 2.116
  type: 'test'
  ...
# Subtest: a Duel initiator who dies receives no Outlaw kill reward
ok 355 - a Duel initiator who dies receives no Outlaw kill reward
  ---
  duration_ms: 1.9444
  type: 'test'
  ...
# Subtest: victory follows R30 and reveals all roles once an allowed boundary is reached
ok 356 - victory follows R30 and reveals all roles once an allowed boundary is reached
  ---
  duration_ms: 5.7493
  type: 'test'
  ...
# Subtest: multi-target elimination defers victory until the saved effect frame is finished
ok 357 - multi-target elimination defers victory until the saved effect frame is finished
  ---
  duration_ms: 10.1984
  type: 'test'
  ...
# (node:332) ExperimentalWarning: `--experimental-loader` may be removed in the future; instead use `register()`:
# --import 'data:text/javascript,import { register } from "node:module"; import { pathToFileURL } from "node:url"; register("./packages/engine/test/setup/ts-source-loader.mjs", pathToFileURL("./"));'
# (Use `node --trace-warnings ...` to show where the warning was created)
# Subtest: same deck and injected random sequence produce the same order
ok 358 - same deck and injected random sequence produce the same order
  ---
  duration_ms: 2.0966
  type: 'test'
  ...
# Subtest: shuffle preserves card count and every unique card instance ID
ok 359 - shuffle preserves card count and every unique card instance ID
  ---
  duration_ms: 0.6349
  type: 'test'
  ...
# Subtest: empty and one-card inputs need no random draws
ok 360 - empty and one-card inputs need no random draws
  ---
  duration_ms: 0.1928
  type: 'test'
  ...
# Subtest: rejects values outside the injected random source contract
ok 361 - rejects values outside the injected random source contract
  ---
  duration_ms: 2.7466
  type: 'test'
  ...
# (node:348) ExperimentalWarning: `--experimental-loader` may be removed in the future; instead use `register()`:
# --import 'data:text/javascript,import { register } from "node:module"; import { pathToFileURL } from "node:url"; register("./packages/engine/test/setup/ts-source-loader.mjs", pathToFileURL("./"));'
# (Use `node --trace-warnings ...` to show where the warning was created)
# Subtest: multi-target queue snapshots living seats clockwise and preserves its cursor after restart
ok 362 - multi-target queue snapshots living seats clockwise and preserves its cursor after restart
  ---
  duration_ms: 7.8902
  type: 'test'
  ...
# Subtest: Duel responders advance one cursor at a time and restore the same actor and resume frame
ok 363 - Duel responders advance one cursor at a time and restore the same actor and resume frame
  ---
  duration_ms: 5.1591
  type: 'test'
  ...
# Subtest: death rescue is victim-only, survives reload, and proceeds through cleanup order
ok 364 - death rescue is victim-only, survives reload, and proceeds through cleanup order
  ---
  duration_ms: 10.2126
  type: 'test'
  ...
# Subtest: turn-end discard order must contain exactly the hand excess and rejects invalid IDs/order without mutation
ok 365 - turn-end discard order must contain exactly the hand excess and rejects invalid IDs/order without mutation
  ---
  duration_ms: 3.0162
  type: 'test'
  ...
# Subtest: a missing resume frame cannot open an interaction and rejected input preserves the saved state
ok 366 - a missing resume frame cannot open an interaction and rejected input preserves the saved state
  ---
  duration_ms: 1.3915
  type: 'test'
  ...
# (node:18108) ExperimentalWarning: `--experimental-loader` may be removed in the future; instead use `register()`:
# --import 'data:text/javascript,import { register } from "node:module"; import { pathToFileURL } from "node:url"; register("./packages/engine/test/setup/ts-source-loader.mjs", pathToFileURL("./"));'
# (Use `node --trace-warnings ...` to show where the warning was created)
# Subtest: base distance uses the living seat ring and ignores eliminated seats
ok 367 - base distance uses the living seat ring and ignores eliminated seats
  ---
  duration_ms: 7.3895
  type: 'test'
  ...
# Subtest: R10 applies direction-specific Rose, Scope, Paul, and Mustang adjustments with a floor of one
ok 368 - R10 applies direction-specific Rose, Scope, Paul, and Mustang adjustments with a floor of one
  ---
  duration_ms: 5.4456
  type: 'test'
  ...
# Subtest: R11 keeps weapon range separate from directional distance
ok 369 - R11 keeps weapon range separate from directional distance
  ---
  duration_ms: 6.0469
  type: 'test'
  ...
# Subtest: A10 rejects distant Panic! while a Winchester BANG! reaches distance five
ok 370 - A10 rejects distant Panic! while a Winchester BANG! reaches distance five
  ---
  duration_ms: 2.8289
  type: 'test'
  ...
# Subtest: B04 rejects BANG! against self, a dead seat, or a target beyond range
ok 371 - B04 rejects BANG! against self, a dead seat, or a target beyond range
  ---
  duration_ms: 2.7114
  type: 'test'
  ...
# Subtest: B23 rejects duplicate blue equipment and permits a different weapon replacement
ok 372 - B23 rejects duplicate blue equipment and permits a different weapon replacement
  ---
  duration_ms: 2.5013
  type: 'test'
  ...
# Subtest: B30 cannot select a virtual Colt .45 as a public in-play target
ok 373 - B30 cannot select a virtual Colt .45 as a public in-play target
  ---
  duration_ms: 1.4529
  type: 'test'
  ...
# Subtest: B21 allows Panic! and Cat Balou on own public equipment, but rejects own hand
ok 374 - B21 allows Panic! and Cat Balou on own public equipment, but rejects own hand
  ---
  duration_ms: 1.1628
  type: 'test'
  ...
# Subtest: C23 allows Willy three BANG! cards but continues to enforce range
ok 375 - C23 allows Willy three BANG! cards but continues to enforce range
  ---
  duration_ms: 2.3574
  type: 'test'
  ...
# Subtest: R12 limits ordinary BANG! to one unless Volcanic or Willy is present
ok 376 - R12 limits ordinary BANG! to one unless Volcanic or Willy is present
  ---
  duration_ms: 1.4908
  type: 'test'
  ...
# Subtest: Jail excludes the Sheriff while Duel and Jail may target a distant living player
ok 377 - Jail excludes the Sheriff while Duel and Jail may target a distant living player
  ---
  duration_ms: 0.6882
  type: 'test'
  ...
# Subtest: R06 blocks starting a normal card while a resolution or interaction is pending
ok 378 - R06 blocks starting a normal card while a resolution or interaction is pending
  ---
  duration_ms: 4.9487
  type: 'test'
  ...
# (node:3796) ExperimentalWarning: `--experimental-loader` may be removed in the future; instead use `register()`:
# --import 'data:text/javascript,import { register } from "node:module"; import { pathToFileURL } from "node:url"; register("./packages/engine/test/setup/ts-source-loader.mjs", pathToFileURL("./"));'
# (Use `node --trace-warnings ...` to show where the warning was created)
# Subtest: AT-A01 4–7 player setup role composition, private roles, and distinct characters
ok 379 - AT-A01 4–7 player setup role composition, private roles, and distinct characters
  ---
  duration_ms: 83.0307
  type: 'test'
  ...
# Subtest: AT-A02 Paul Regret has 4 HP as Sheriff and 3 HP otherwise at setup
ok 380 - AT-A02 Paul Regret has 4 HP as Sheriff and 3 HP otherwise at setup
  ---
  duration_ms: 65.7404
  type: 'test'
  ...
# Subtest: AT-A03 deterministic engine acceptance scenario
ok 381 - AT-A03 deterministic engine acceptance scenario
  ---
  duration_ms: 9.6878
  type: 'test'
  ...
# Subtest: AT-A04 deterministic engine acceptance scenario
ok 382 - AT-A04 deterministic engine acceptance scenario
  ---
  duration_ms: 6.6879
  type: 'test'
  ...
# Subtest: AT-A05 deterministic engine acceptance scenario
ok 383 - AT-A05 deterministic engine acceptance scenario
  ---
  duration_ms: 76.2281
  type: 'test'
  ...
# Subtest: AT-A06 deterministic engine acceptance scenario
ok 384 - AT-A06 deterministic engine acceptance scenario
  ---
  duration_ms: 25.6691
  type: 'test'
  ...
# Subtest: AT-A07 deterministic engine acceptance scenario
ok 385 - AT-A07 deterministic engine acceptance scenario
  ---
  duration_ms: 10.9635
  type: 'test'
  ...
# Subtest: AT-A08 deterministic engine acceptance scenario
ok 386 - AT-A08 deterministic engine acceptance scenario
  ---
  duration_ms: 6.1568
  type: 'test'
  ...
# Subtest: AT-A09 deterministic engine acceptance scenario
ok 387 - AT-A09 deterministic engine acceptance scenario
  ---
  duration_ms: 6.6855
  type: 'test'
  ...
# Subtest: AT-A10 deterministic engine acceptance scenario
ok 388 - AT-A10 deterministic engine acceptance scenario
  ---
  duration_ms: 20.4187
  type: 'test'
  ...
# Subtest: AT-A11 deterministic engine acceptance scenario
ok 389 - AT-A11 deterministic engine acceptance scenario
  ---
  duration_ms: 10.7565
  type: 'test'
  ...
# Subtest: AT-A12 deterministic engine acceptance scenario
ok 390 - AT-A12 deterministic engine acceptance scenario
  ---
  duration_ms: 20.9222
  type: 'test'
  ...
# Subtest: AT-A13 deterministic engine acceptance scenario
ok 391 - AT-A13 deterministic engine acceptance scenario
  ---
  duration_ms: 10.7472
  type: 'test'
  ...
# Subtest: AT-A14 deterministic engine acceptance scenario
ok 392 - AT-A14 deterministic engine acceptance scenario
  ---
  duration_ms: 12.1154
  type: 'test'
  ...
# Subtest: AT-A15 deterministic engine acceptance scenario
ok 393 - AT-A15 deterministic engine acceptance scenario
  ---
  duration_ms: 13.3108
  type: 'test'
  ...
# Subtest: AT-B01 deterministic engine acceptance scenario
ok 394 - AT-B01 deterministic engine acceptance scenario
  ---
  duration_ms: 19.2047
  type: 'test'
  ...
# Subtest: AT-B02 deterministic engine acceptance scenario
ok 395 - AT-B02 deterministic engine acceptance scenario
  ---
  duration_ms: 26.6201
  type: 'test'
  ...
# Subtest: AT-B03 deterministic engine acceptance scenario
ok 396 - AT-B03 deterministic engine acceptance scenario
  ---
  duration_ms: 48.8812
  type: 'test'
  ...
# Subtest: AT-B04 deterministic engine acceptance scenario
ok 397 - AT-B04 deterministic engine acceptance scenario
  ---
  duration_ms: 30.443
  type: 'test'
  ...
# Subtest: AT-B05 deterministic engine acceptance scenario
ok 398 - AT-B05 deterministic engine acceptance scenario
  ---
  duration_ms: 47.0316
  type: 'test'
  ...
# Subtest: AT-B06 deterministic engine acceptance scenario
ok 399 - AT-B06 deterministic engine acceptance scenario
  ---
  duration_ms: 43.6605
  type: 'test'
  ...
# Subtest: AT-B07 deterministic engine acceptance scenario
ok 400 - AT-B07 deterministic engine acceptance scenario
  ---
  duration_ms: 34.3305
  type: 'test'
  ...
# Subtest: AT-B08 deterministic engine acceptance scenario
ok 401 - AT-B08 deterministic engine acceptance scenario
  ---
  duration_ms: 60.5729
  type: 'test'
  ...
# Subtest: AT-B09 deterministic engine acceptance scenario
ok 402 - AT-B09 deterministic engine acceptance scenario
  ---
  duration_ms: 53.6685
  type: 'test'
  ...
# Subtest: AT-B10 deterministic engine acceptance scenario
ok 403 - AT-B10 deterministic engine acceptance scenario
  ---
  duration_ms: 27.6991
  type: 'test'
  ...
# Subtest: AT-B11 deterministic engine acceptance scenario
ok 404 - AT-B11 deterministic engine acceptance scenario
  ---
  duration_ms: 22.9787
  type: 'test'
  ...
# Subtest: AT-B12 deterministic engine acceptance scenario
ok 405 - AT-B12 deterministic engine acceptance scenario
  ---
  duration_ms: 54.0423
  type: 'test'
  ...
# Subtest: AT-B13 deterministic engine acceptance scenario
ok 406 - AT-B13 deterministic engine acceptance scenario
  ---
  duration_ms: 25.9411
  type: 'test'
  ...
# Subtest: AT-B14 deterministic engine acceptance scenario
ok 407 - AT-B14 deterministic engine acceptance scenario
  ---
  duration_ms: 21.5053
  type: 'test'
  ...
# Subtest: AT-B15 deterministic engine acceptance scenario
ok 408 - AT-B15 deterministic engine acceptance scenario
  ---
  duration_ms: 14.4222
  type: 'test'
  ...
# Subtest: AT-B16 deterministic engine acceptance scenario
ok 409 - AT-B16 deterministic engine acceptance scenario
  ---
  duration_ms: 9.4131
  type: 'test'
  ...
# Subtest: AT-B17 deterministic engine acceptance scenario
ok 410 - AT-B17 deterministic engine acceptance scenario
  ---
  duration_ms: 28.3631
  type: 'test'
  ...
# Subtest: AT-B18 deterministic engine acceptance scenario
ok 411 - AT-B18 deterministic engine acceptance scenario
  ---
  duration_ms: 66.2812
  type: 'test'
  ...
# Subtest: AT-B19 deterministic engine acceptance scenario
ok 412 - AT-B19 deterministic engine acceptance scenario
  ---
  duration_ms: 11.6952
  type: 'test'
  ...
# Subtest: AT-B20 deterministic engine acceptance scenario
ok 413 - AT-B20 deterministic engine acceptance scenario
  ---
  duration_ms: 13.9663
  type: 'test'
  ...
# Subtest: AT-B21 deterministic engine acceptance scenario
ok 414 - AT-B21 deterministic engine acceptance scenario
  ---
  duration_ms: 26.8673
  type: 'test'
  ...
# Subtest: AT-B22 deterministic engine acceptance scenario
ok 415 - AT-B22 deterministic engine acceptance scenario
  ---
  duration_ms: 17.2008
  type: 'test'
  ...
# Subtest: AT-B23 deterministic engine acceptance scenario
ok 416 - AT-B23 deterministic engine acceptance scenario
  ---
  duration_ms: 13.3747
  type: 'test'
  ...
# Subtest: AT-B24 deterministic engine acceptance scenario
ok 417 - AT-B24 deterministic engine acceptance scenario
  ---
  duration_ms: 21.5208
  type: 'test'
  ...
# Subtest: AT-B25 deterministic engine acceptance scenario
ok 418 - AT-B25 deterministic engine acceptance scenario
  ---
  duration_ms: 15.1946
  type: 'test'
  ...
# Subtest: AT-B26 deterministic engine acceptance scenario
ok 419 - AT-B26 deterministic engine acceptance scenario
  ---
  duration_ms: 37.0803
  type: 'test'
  ...
# Subtest: AT-B27 deterministic engine acceptance scenario
ok 420 - AT-B27 deterministic engine acceptance scenario
  ---
  duration_ms: 82.5578
  type: 'test'
  ...
# Subtest: AT-B28 deterministic engine acceptance scenario
ok 421 - AT-B28 deterministic engine acceptance scenario
  ---
  duration_ms: 24.6721
  type: 'test'
  ...
# Subtest: AT-B29 deterministic engine acceptance scenario
ok 422 - AT-B29 deterministic engine acceptance scenario
  ---
  duration_ms: 8.0008
  type: 'test'
  ...
# Subtest: AT-B30 deterministic engine acceptance scenario
ok 423 - AT-B30 deterministic engine acceptance scenario
  ---
  duration_ms: 13.1788
  type: 'test'
  ...
# Subtest: AT-C01 deterministic engine acceptance scenario
ok 424 - AT-C01 deterministic engine acceptance scenario
  ---
  duration_ms: 9.6673
  type: 'test'
  ...
# Subtest: AT-C02 deterministic engine acceptance scenario
ok 425 - AT-C02 deterministic engine acceptance scenario
  ---
  duration_ms: 65.2752
  type: 'test'
  ...
# Subtest: AT-C03 deterministic engine acceptance scenario
ok 426 - AT-C03 deterministic engine acceptance scenario
  ---
  duration_ms: 29.0647
  type: 'test'
  ...
# Subtest: AT-C04 deterministic engine acceptance scenario
ok 427 - AT-C04 deterministic engine acceptance scenario
  ---
  duration_ms: 18.4242
  type: 'test'
  ...
# Subtest: AT-C05 deterministic engine acceptance scenario
ok 428 - AT-C05 deterministic engine acceptance scenario
  ---
  duration_ms: 30.198
  type: 'test'
  ...
# Subtest: AT-C06 deterministic engine acceptance scenario
ok 429 - AT-C06 deterministic engine acceptance scenario
  ---
  duration_ms: 12.5186
  type: 'test'
  ...
# Subtest: AT-C07 deterministic engine acceptance scenario
ok 430 - AT-C07 deterministic engine acceptance scenario
  ---
  duration_ms: 29.8135
  type: 'test'
  ...
# Subtest: AT-C08 deterministic engine acceptance scenario
ok 431 - AT-C08 deterministic engine acceptance scenario
  ---
  duration_ms: 20.811
  type: 'test'
  ...
# Subtest: AT-C09 deterministic engine acceptance scenario
ok 432 - AT-C09 deterministic engine acceptance scenario
  ---
  duration_ms: 38.6993
  type: 'test'
  ...
# Subtest: AT-C10 deterministic engine acceptance scenario
ok 433 - AT-C10 deterministic engine acceptance scenario
  ---
  duration_ms: 23.4191
  type: 'test'
  ...
# Subtest: AT-C11 deterministic engine acceptance scenario
ok 434 - AT-C11 deterministic engine acceptance scenario
  ---
  duration_ms: 4.7855
  type: 'test'
  ...
# Subtest: AT-C12 deterministic engine acceptance scenario
ok 435 - AT-C12 deterministic engine acceptance scenario
  ---
  duration_ms: 19.9371
  type: 'test'
  ...
# Subtest: AT-C13 deterministic engine acceptance scenario
ok 436 - AT-C13 deterministic engine acceptance scenario
  ---
  duration_ms: 11.6502
  type: 'test'
  ...
# Subtest: AT-C14 deterministic engine acceptance scenario
ok 437 - AT-C14 deterministic engine acceptance scenario
  ---
  duration_ms: 34.7417
  type: 'test'
  ...
# Subtest: AT-C15 deterministic engine acceptance scenario
ok 438 - AT-C15 deterministic engine acceptance scenario
  ---
  duration_ms: 27.6264
  type: 'test'
  ...
# Subtest: AT-C16 deterministic engine acceptance scenario
ok 439 - AT-C16 deterministic engine acceptance scenario
  ---
  duration_ms: 60.485
  type: 'test'
  ...
# Subtest: AT-C17 deterministic engine acceptance scenario
ok 440 - AT-C17 deterministic engine acceptance scenario
  ---
  duration_ms: 14.4082
  type: 'test'
  ...
# Subtest: AT-C18 deterministic engine acceptance scenario
ok 441 - AT-C18 deterministic engine acceptance scenario
  ---
  duration_ms: 24.754
  type: 'test'
  ...
# Subtest: AT-C19 deterministic engine acceptance scenario
ok 442 - AT-C19 deterministic engine acceptance scenario
  ---
  duration_ms: 14.2278
  type: 'test'
  ...
# Subtest: AT-C20 deterministic engine acceptance scenario
ok 443 - AT-C20 deterministic engine acceptance scenario
  ---
  duration_ms: 22.6556
  type: 'test'
  ...
# Subtest: AT-C21 deterministic engine acceptance scenario
ok 444 - AT-C21 deterministic engine acceptance scenario
  ---
  duration_ms: 15.6938
  type: 'test'
  ...
# Subtest: AT-C22 deterministic engine acceptance scenario
ok 445 - AT-C22 deterministic engine acceptance scenario
  ---
  duration_ms: 37.3096
  type: 'test'
  ...
# Subtest: AT-C23 deterministic engine acceptance scenario
ok 446 - AT-C23 deterministic engine acceptance scenario
  ---
  duration_ms: 28.4635
  type: 'test'
  ...
# Subtest: AT-C24 deterministic engine acceptance scenario
ok 447 - AT-C24 deterministic engine acceptance scenario
  ---
  duration_ms: 30.5685
  type: 'test'
  ...
# Subtest: AT-C25 deterministic engine acceptance scenario
ok 448 - AT-C25 deterministic engine acceptance scenario
  ---
  duration_ms: 37.2589
  type: 'test'
  ...
# Subtest: AT-C26 deterministic engine acceptance scenario
ok 449 - AT-C26 deterministic engine acceptance scenario
  ---
  duration_ms: 20.6158
  type: 'test'
  ...
# Subtest: AT-C27 deterministic engine acceptance scenario
ok 450 - AT-C27 deterministic engine acceptance scenario
  ---
  duration_ms: 53.191
  type: 'test'
  ...
# Subtest: AT-C28 deterministic engine acceptance scenario
ok 451 - AT-C28 deterministic engine acceptance scenario
  ---
  duration_ms: 49.292
  type: 'test'
  ...
# Subtest: AT-C29 deterministic engine acceptance scenario
ok 452 - AT-C29 deterministic engine acceptance scenario
  ---
  duration_ms: 43.2162
  type: 'test'
  ...
# Subtest: AT-C30 deterministic engine acceptance scenario
ok 453 - AT-C30 deterministic engine acceptance scenario
  ---
  duration_ms: 37.2042
  type: 'test'
  ...
# Subtest: AT-C31 deterministic engine acceptance scenario
ok 454 - AT-C31 deterministic engine acceptance scenario
  ---
  duration_ms: 25.6548
  type: 'test'
  ...
# Subtest: AT-C32 deterministic engine acceptance scenario
ok 455 - AT-C32 deterministic engine acceptance scenario
  ---
  duration_ms: 18.7912
  type: 'test'
  ...
# Subtest: AT-D20 deterministic engine acceptance scenario
ok 456 - AT-D20 deterministic engine acceptance scenario
  ---
  duration_ms: 47.6836
  type: 'test'
  ...
# (node:17320) ExperimentalWarning: `--experimental-loader` may be removed in the future; instead use `register()`:
# --import 'data:text/javascript,import { register } from "node:module"; import { pathToFileURL } from "node:url"; register("./packages/engine/test/setup/ts-source-loader.mjs", pathToFileURL("./"));'
# (Use `node --trace-warnings ...` to show where the warning was created)
# Subtest: P03 compact Sid projection represents every allowed pair with one cost set
ok 457 - P03 compact Sid projection represents every allowed pair with one cost set
  ---
  duration_ms: 21.9923
  type: 'test'
  ...
# Subtest: R01 a Duel initiator's elimination advances exactly one seat and permits the next draw
ok 458 - R01 a Duel initiator's elimination advances exactly one seat and permits the next draw
  ---
  duration_ms: 103.0751
  type: 'test'
  ...
# Subtest: R02 Lucky's failed Jail judgment skips the turn, with public faces and a valid DTO
ok 459 - R02 Lucky's failed Jail judgment skips the turn, with public faces and a valid DTO
  ---
  duration_ms: 32.6862
  type: 'test'
  ...
# Subtest: R03 Kit's three choice faces appear only in Kit's private responder DTO
ok 460 - R03 Kit's three choice faces appear only in Kit's private responder DTO
  ---
  duration_ms: 25.9284
  type: 'test'
  ...
# Subtest: R04 Suzy draws after panic removes her last hand card
ok 461 - R04 Suzy draws after panic removes her last hand card
  ---
  duration_ms: 17.8692
  type: 'test'
  ...
# Subtest: R04 Suzy draws after cat_balou removes her last hand card
ok 462 - R04 Suzy draws after cat_balou removes her last hand card
  ---
  duration_ms: 10.542
  type: 'test'
  ...
# Subtest: R04 Suzy replenishes after Jesse steals her last card during draw
ok 463 - R04 Suzy replenishes after Jesse steals her last card during draw
  ---
  duration_ms: 26.2959
  type: 'test'
  ...
# (node:13240) ExperimentalWarning: `--experimental-loader` may be removed in the future; instead use `register()`:
# --import 'data:text/javascript,import { register } from "node:module"; import { pathToFileURL } from "node:url"; register("./packages/engine/test/setup/ts-source-loader.mjs", pathToFileURL("./"));'
# (Use `node --trace-warnings ...` to show where the warning was created)
# Subtest: initializes correct role counts and sheriff-first clockwise seats for 4–7 players
ok 464 - initializes correct role counts and sheriff-first clockwise seats for 4–7 players
  ---
  duration_ms: 11.8406
  type: 'test'
  ...
# Subtest: starts the Sheriff at character health plus one and deals each player that many cards
ok 465 - starts the Sheriff at character health plus one and deals each player that many cards
  ---
  duration_ms: 4.1062
  type: 'test'
  ...
# Subtest: repeats the same complete setup with the same fixed RNG sequence
ok 466 - repeats the same complete setup with the same fixed RNG sequence
  ---
  duration_ms: 2.249
  type: 'test'
  ...
# Subtest: rejects unsupported player counts and duplicate player IDs
ok 467 - rejects unsupported player counts and duplicate player IDs
  ---
  duration_ms: 1.2578
  type: 'test'
  ...
# (node:22456) ExperimentalWarning: `--experimental-loader` may be removed in the future; instead use `register()`:
# --import 'data:text/javascript,import { register } from "node:module"; import { pathToFileURL } from "node:url"; register("./packages/engine/test/setup/ts-source-loader.mjs", pathToFileURL("./"));'
# (Use `node --trace-warnings ...` to show where the warning was created)
# Subtest: General Store exposes remaining public faces to all seats without exposing private hands
ok 468 - General Store exposes remaining public faces to all seats without exposing private hands
  ---
  duration_ms: 4.6893
  type: 'test'
  ...
# Subtest: unassigned pools and Kit's private draw selection stay hidden from other seats
ok 469 - unassigned pools and Kit's private draw selection stay hidden from other seats
  ---
  duration_ms: 0.6263
  type: 'test'
  ...
# Subtest: two viewers receive only their own hand and role while public state agrees
ok 470 - two viewers receive only their own hand and role while public state agrees
  ---
  duration_ms: 2.3016
  type: 'test'
  ...
# Subtest: public discard exposes only its top card and total count
ok 471 - public discard exposes only its top card and total count
  ---
  duration_ms: 0.2862
  type: 'test'
  ...
# Subtest: only a pending interaction actor receives its exact response option; others receive progress only
ok 472 - only a pending interaction actor receives its exact response option; others receive progress only
  ---
  duration_ms: 0.6325
  type: 'test'
  ...
# Subtest: projection rejects malformed saved discard-order candidate context
ok 473 - projection rejects malformed saved discard-order candidate context
  ---
  duration_ms: 1.038
  type: 'test'
  ...
# Subtest: responder receives a stored private option payload while other viewers never see it
ok 474 - responder receives a stored private option payload while other viewers never see it
  ---
  duration_ms: 0.6699
  type: 'test'
  ...
# Subtest: projected runtime response payloads pass T14 against the same saved pending state
ok 475 - projected runtime response payloads pass T14 against the same saved pending state
  ---
  duration_ms: 5.309
  type: 'test'
  ...
# Subtest: eliminated actor sees final cleanup pending but receives no private hand
ok 476 - eliminated actor sees final cleanup pending but receives no private hand
  ---
  duration_ms: 1.5004
  type: 'test'
  ...
# Subtest: completed game reveals every role while keeping other hands private
ok 477 - completed game reveals every role while keeping other hands private
  ---
  duration_ms: 1.7324
  type: 'test'
  ...
# Subtest: outcome projection preserves the other R30 winning factions and includes dead teammates
ok 478 - outcome projection preserves the other R30 winning factions and includes dead teammates
  ---
  duration_ms: 2.0857
  type: 'test'
  ...
# Subtest: outcome is projected only for completed matches and a completed snapshot needs an engine result
ok 479 - outcome is projected only for completed matches and a completed snapshot needs an engine result
  ---
  duration_ms: 0.2683
  type: 'test'
  ...
# Subtest: projection does not mutate the internal match state
ok 480 - projection does not mutate the internal match state
  ---
  duration_ms: 0.5224
  type: 'test'
  ...
# Subtest: rejects a viewer who does not own a seat in the match
ok 481 - rejects a viewer who does not own a seat in the match
  ---
  duration_ms: 0.1917
  type: 'test'
  ...
# (node:22556) ExperimentalWarning: `--experimental-loader` may be removed in the future; instead use `register()`:
# --import 'data:text/javascript,import { register } from "node:module"; import { pathToFileURL } from "node:url"; register("./packages/engine/test/setup/ts-source-loader.mjs", pathToFileURL("./"));'
# (Use `node --trace-warnings ...` to show where the warning was created)
# Subtest: normal turn draw takes the first two deck cards and leaves its input unchanged
ok 482 - normal turn draw takes the first two deck cards and leaves its input unchanged
  ---
  duration_ms: 39.8679
  type: 'test'
  ...
# Subtest: Jesse keeps the first-slot source private and resumes to one hand steal plus the second deck slot
ok 483 - Jesse keeps the first-slot source private and resumes to one hand steal plus the second deck slot
  ---
  duration_ms: 7.1819
  type: 'test'
  ...
# Subtest: Lucky does not replace either ordinary turn draw slot with a judgment
ok 484 - Lucky does not replace either ordinary turn draw slot with a judgment
  ---
  duration_ms: 1.4522
  type: 'test'
  ...
# Subtest: Jesse has no source prompt when every other hand is empty
ok 485 - Jesse has no source prompt when every other hand is empty
  ---
  duration_ms: 1.4835
  type: 'test'
  ...
# Subtest: Pedro may replace only the first slot with the discard top
ok 486 - Pedro may replace only the first slot with the discard top
  ---
  duration_ms: 2.0822
  type: 'test'
  ...
# Subtest: Kit's candidate choice is actor-only and returns the unchosen third card to the deck top
ok 487 - Kit's candidate choice is actor-only and returns the unchosen third card to the deck top
  ---
  duration_ms: 5.7998
  type: 'test'
  ...
# Subtest: Kit pauses cleanly when fewer than three candidates exist and returns every peeked card
ok 488 - Kit pauses cleanly when fewer than three candidates exist and returns every peeked card
  ---
  duration_ms: 1.8252
  type: 'test'
  ...
# Subtest: R08 reshuffle uses the injected RNG and preserves all cards
ok 489 - R08 reshuffle uses the injected RNG and preserves all cards
  ---
  duration_ms: 9.9229
  type: 'test'
  ...
# Subtest: Black Jack exposes only the second ordinary card and performs one private red-card bonus draw
ok 490 - Black Jack exposes only the second ordinary card and performs one private red-card bonus draw
  ---
  duration_ms: 2.1503
  type: 'test'
  ...
# Subtest: turn start resolves Dynamite before Jail and enters draw only after both finish
ok 491 - turn start resolves Dynamite before Jail and enters draw only after both finish
  ---
  duration_ms: 8.9306
  type: 'test'
  ...
# Subtest: Lucky Jail opens a saved top-two judgment choice and resumes before the draw phase
ok 492 - Lucky Jail opens a saved top-two judgment choice and resumes before the draw phase
  ---
  duration_ms: 7.0896
  type: 'test'
  ...
# (node:15468) ExperimentalWarning: `--experimental-loader` may be removed in the future; instead use `register()`:
# --import 'data:text/javascript,import { register } from "node:module"; import { pathToFileURL } from "node:url"; register("./packages/engine/test/setup/ts-source-loader.mjs", pathToFileURL("./"));'
# (Use `node --trace-warnings ...` to show where the warning was created)
# Subtest: advances start effects to draw and draw completion to play as separate pure transitions
ok 493 - advances start effects to draw and draw completion to play as separate pure transitions
  ---
  duration_ms: 9.1097
  type: 'test'
  ...
# Subtest: END_TURN advances from the last seat to the first living seat and increments once
ok 494 - END_TURN advances from the last seat to the first living seat and increments once
  ---
  duration_ms: 3.8167
  type: 'test'
  ...
# Subtest: END_TURN skips eliminated seats when choosing the next player
ok 495 - END_TURN skips eliminated seats when choosing the next player
  ---
  duration_ms: 2.1497
  type: 'test'
  ...
# Subtest: END_TURN enters discard when the hand exceeds HP, then finishes after hand is reduced
ok 496 - END_TURN enters discard when the hand exceeds HP, then finishes after hand is reduced
  ---
  duration_ms: 3.0167
  type: 'test'
  ...
# Subtest: a start-effect resolver can skip a turn without this reducer resolving Dynamite or Jail
ok 497 - a start-effect resolver can skip a turn without this reducer resolving Dynamite or Jail
  ---
  duration_ms: 5.0928
  type: 'test'
  ...
# Subtest: rejects wrong actor and wrong phase without changing state
ok 498 - rejects wrong actor and wrong phase without changing state
  ---
  duration_ms: 1.7536
  type: 'test'
  ...
# Subtest: blocks every turn progression helper while resolution state remains pending
ok 499 - blocks every turn progression helper while resolution state remains pending
  ---
  duration_ms: 34.8557
  type: 'test'
  ...
# Subtest: same state and turn action produce the same next state
ok 500 - same state and turn action produce the same next state
  ---
  duration_ms: 1.0686
  type: 'test'
  ...
1..500
# tests 500
# suites 0
# pass 498
# fail 2
# cancelled 0
# skipped 0
# todo 0
# duration_ms 246743.4181
